domain,project,value,os,priority,hardware,version,component,severity,assignee,product,status,total
modeling,graphiti,avg,52,187,64,40,12,93,140,12,0,598
modeling,graphiti,min,0,0,0,0,0,0,0,0,0,598
modeling,graphiti,max,413,1827,413,246,49,484,1102,49,0,598
iot,californium,avg,1,0,1,0,0,45,17,0,0,66
iot,californium,min,0,0,0,0,0,0,0,0,0,66
iot,californium,max,2,0,2,0,0,135,82,0,0,66
tools,tmw,avg,0,0,0,0,0,0,0,0,0,0
tools,tmw,min,0,0,0,0,0,0,0,0,0,0
tools,tmw,max,0,0,0,0,0,0,0,0,0,0
technology,m2e,avg,236,80,275,240,128,160,151,100,0,1604
technology,m2e,min,0,0,0,0,0,0,0,0,0,1604
technology,m2e,max,1091,324,1091,1180,594,1516,1249,594,0,1604
foundation,simultaneousrelease,avg,0,0,0,0,0,0,0,0,0,0
foundation,simultaneousrelease,min,0,0,0,0,0,0,0,0,0,0
foundation,simultaneousrelease,max,0,0,0,0,0,0,0,0,0,0
rt,vertx,avg,0,0,0,65,0,15,60,0,0,394
rt,vertx,min,0,0,0,0,0,0,0,0,0,394
rt,vertx,max,0,0,0,440,0,99,276,0,0,394
modeling,mdt.modisco,avg,45,341,45,217,228,372,310,463,0,984
modeling,mdt.modisco,min,0,0,0,0,0,0,0,0,0,984
modeling,mdt.modisco,max,369,1847,369,1318,850,2188,2246,850,0,984
technology,actf,avg,13,38,16,418,1803,50,517,10,0,1013
technology,actf,min,0,0,0,0,0,0,0,2,0,1013
technology,actf,max,31,68,31,2200,2529,229,2419,17,0,1013
modeling,acceleo,avg,186,296,186,246,311,165,216,300,0,898
modeling,acceleo,min,0,0,0,0,0,0,0,0,0,898
modeling,acceleo,max,557,1064,557,970,1743,938,1743,1743,0,898
mylyn,mylyndocsintent,avg,0,0,0,0,0,0,0,0,0,0
mylyn,mylyndocsintent,min,0,0,0,0,0,0,0,0,0,0
mylyn,mylyndocsintent,max,0,0,0,0,0,0,0,0,0,0
mylyn,mylynincubator,avg,0,0,0,0,0,0,0,0,0,0
mylyn,mylynincubator,min,0,0,0,0,0,0,0,0,0,0
mylyn,mylynincubator,max,0,0,0,0,0,0,0,0,0,0
foundation,community,avg,0,0,0,0,0,0,0,0,0,0
foundation,community,min,0,0,0,0,0,0,0,0,0,0
foundation,community,max,0,0,0,0,0,0,0,0,0,0
iot,vorto,avg,3,0,6,33,120,54,61,100,0,157
iot,vorto,min,0,0,6,1,1,13,0,100,0,157
iot,vorto,max,6,0,6,118,233,139,233,100,0,157
mylyn,mylyncommons,avg,0,0,0,0,0,0,0,0,0,0
mylyn,mylyncommons,min,0,0,0,0,0,0,0,0,0,0
mylyn,mylyncommons,max,0,0,0,0,0,0,0,0,0,0
modeling,sphinx,avg,60,48,59,57,165,30,68,0,0,463
modeling,sphinx,min,0,0,0,0,0,0,0,0,0,463
modeling,sphinx,max,300,205,300,400,587,138,546,0,0,463
technology,rtsc,avg,143,175,130,4,348,349,453,0,0,1229
technology,rtsc,min,0,0,0,0,0,0,0,0,0,1229
technology,rtsc,max,785,1705,522,7,814,1725,1932,0,0,1229
ecd,orion,avg,203,316,221,131,155,187,471,118,0,9557
ecd,orion,min,0,0,0,0,0,0,0,0,0,9557
ecd,orion,max,2068,1963,2068,1213,1201,1311,1963,231,0,9557
tools,pdt,avg,344,319,423,216,359,263,344,201,0,5440
tools,pdt,min,0,0,0,0,0,0,0,0,0,5440
tools,pdt,max,3252,1425,3252,1858,3112,2744,3712,1702,0,5440
webtools,wtpincubator,avg,0,0,0,0,0,0,0,0,0,0
webtools,wtpincubator,min,0,0,0,0,0,0,0,0,0,0
webtools,wtpincubator,max,0,0,0,0,0,0,0,0,0,0
technology,nebula,avg,137,351,117,624,373,149,584,201,0,1118
technology,nebula,min,0,0,0,0,0,0,0,0,0,1118
technology,nebula,max,663,1296,456,2569,1216,789,2878,1216,0,1118
foundation,drupal,avg,0,0,0,0,0,0,0,0,0,0
foundation,drupal,min,0,0,0,0,0,0,0,0,0,0
foundation,drupal,max,0,0,0,0,0,0,0,0,0,0
technology,ease,avg,154,146,133,187,241,159,104,221,0,454
technology,ease,min,0,3,0,0,0,0,0,0,0,454
technology,ease,max,1034,371,759,1034,520,520,520,330,0,454
technology,tigerstripe,avg,0,214,0,38,165,305,198,1,0,1147
technology,tigerstripe,min,0,0,0,8,0,0,0,0,0,1147
technology,tigerstripe,max,0,629,0,85,857,1389,945,2,0,1147
modeling,emfstore,avg,67,123,25,112,22,33,220,21,0,528
modeling,emfstore,min,0,0,0,0,0,0,0,0,0,528
modeling,emfstore,max,364,806,50,750,52,141,1499,52,0,528
rt,riena,avg,53,476,18,69,410,125,221,16,0,998
rt,riena,min,0,0,0,0,0,0,0,0,0,998
rt,riena,max,696,2653,53,272,1053,770,985,56,0,998
technology,flux,avg,0,0,0,0,0,0,80,0,0,61
technology,flux,min,0,0,0,0,0,0,0,0,0,61
technology,flux,max,0,0,0,0,0,0,651,0,0,61
science,texlipse,avg,0,0,0,0,0,0,0,0,0,0
science,texlipse,min,0,0,0,0,0,0,0,0,0,0
science,texlipse,max,0,0,0,0,0,0,0,0,0,0
rt,yasson,avg,0,0,0,0,0,0,0,0,0,0
rt,yasson,min,0,0,0,0,0,0,0,0,0,0
rt,yasson,max,0,0,0,0,0,0,0,0,0,0
modeling,pmf,avg,0,0,0,0,0,0,13,0,0,31
modeling,pmf,min,0,0,0,0,0,0,0,0,0,31
modeling,pmf,max,0,0,0,0,0,0,30,0,0,31
webtools,dalijpatools,avg,0,0,0,0,0,0,0,0,0,0
webtools,dalijpatools,min,0,0,0,0,0,0,0,0,0,0
webtools,dalijpatools,max,0,0,0,0,0,0,0,0,0,0
iot,risev2g,avg,0,0,0,0,0,0,0,0,0,1
iot,risev2g,min,0,0,0,0,0,0,0,0,0,1
iot,risev2g,max,0,0,0,0,0,0,0,0,0,1
technology,technologytoplevel,avg,0,0,0,0,0,0,0,0,0,0
technology,technologytoplevel,min,0,0,0,0,0,0,0,0,0,0
technology,technologytoplevel,max,0,0,0,0,0,0,0,0,0,0
tools,andmore,avg,0,4,0,19,15,0,78,17,0,114
tools,andmore,min,0,4,0,0,0,0,0,0,0,114
tools,andmore,max,0,4,0,79,79,0,372,79,0,114
modeling,franca,avg,0,0,0,0,0,0,0,0,0,0
modeling,franca,min,0,0,0,0,0,0,0,0,0,0
modeling,franca,max,0,0,0,0,0,0,0,0,0,0
soa,jwt,avg,115,81,121,336,262,145,109,0,0,408
soa,jwt,min,0,0,0,0,0,0,0,0,0,408
soa,jwt,max,491,421,491,1380,797,472,797,0,0,408
tools,mat,avg,45,0,45,216,32,337,255,1,0,461
tools,mat,min,0,0,0,0,0,0,0,0,0,461
tools,mat,max,166,0,166,756,124,1484,1715,1,0,461
modeling,papyrus,avg,644,286,649,545,721,463,575,103,0,9634
modeling,papyrus,min,0,0,0,0,0,0,0,0,0,9634
modeling,papyrus,max,1969,2239,1969,2133,2276,1977,2704,564,0,9634
modeling,mdt.xsd,avg,490,681,0,83,52,39,107,52,0,404
modeling,mdt.xsd,min,490,0,0,0,0,0,0,0,0,404
modeling,mdt.xsd,max,490,1880,0,664,215,128,791,215,0,404
rt,eclipselink,avg,238,325,221,287,192,507,458,37,0,7952
rt,eclipselink,min,0,0,0,0,0,0,0,0,0,7952
rt,eclipselink,max,1932,2367,1389,1932,1932,2501,2644,186,0,7952
technology,xwt,avg,0,0,0,1034,940,36,110,1026,0,352
technology,xwt,min,0,0,0,0,0,0,0,0,0,352
technology,xwt,max,0,0,0,1478,1478,105,1144,1478,0,352
modeling,viatra,avg,59,96,79,235,930,43,282,1384,0,1037
modeling,viatra,min,0,0,0,0,0,0,0,0,0,1037
modeling,viatra,max,154,499,154,1650,1815,128,1323,1815,0,1037
tools,tracecompass.incubator,avg,0,0,0,0,0,0,0,0,0,0
tools,tracecompass.incubator,min,0,0,0,0,0,0,0,0,0,0
tools,tracecompass.incubator,max,0,0,0,0,0,0,0,0,0,0
modeling,emft.henshin,avg,0,0,0,0,6,71,17,0,0,90
modeling,emft.henshin,min,0,0,0,0,0,0,0,0,0,90
modeling,emft.henshin,max,0,0,0,0,10,213,58,0,0,90
modeling,eatop,avg,0,0,0,0,124,0,104,0,0,34
modeling,eatop,min,0,0,0,0,124,0,0,0,0,34
modeling,eatop,max,0,0,0,0,124,0,304,0,0,34
webtools,wtpwebservices,avg,0,0,0,0,0,0,0,0,0,0
webtools,wtpwebservices,min,0,0,0,0,0,0,0,0,0,0
webtools,wtpwebservices,max,0,0,0,0,0,0,0,0,0,0
rt,smila,avg,187,198,189,118,431,157,454,0,0,216
rt,smila,min,0,0,0,0,0,0,0,0,0,216
rt,smila,max,340,406,340,340,1168,465,1828,0,0,216
modeling,emft.doc2model,avg,0,0,0,0,0,0,0,0,0,1
modeling,emft.doc2model,min,0,0,0,0,0,0,0,0,0,1
modeling,emft.doc2model,max,0,0,0,0,0,0,0,0,0,1
modeling,efm,avg,0,0,0,0,21,56,0,0,0,23
modeling,efm,min,0,0,0,0,21,56,0,0,0,23
modeling,efm,max,0,0,0,0,21,56,0,0,0,23
webtools,javaeeconfig,avg,0,0,0,0,0,0,0,0,0,0
webtools,javaeeconfig,min,0,0,0,0,0,0,0,0,0,0
webtools,javaeeconfig,max,0,0,0,0,0,0,0,0,0,0
webtools,wtpservertools,avg,0,0,0,0,0,0,0,0,0,0
webtools,wtpservertools,min,0,0,0,0,0,0,0,0,0,0
webtools,wtpservertools,max,0,0,0,0,0,0,0,0,0,0
technology,subversive,avg,283,207,104,165,386,96,186,155,0,2591
technology,subversive,min,0,0,0,0,0,0,0,0,0,2591
technology,subversive,max,1287,611,308,2532,2532,689,2121,2121,0,2591
rt,gemini,avg,0,0,0,0,0,0,0,0,0,5
rt,gemini,min,0,0,0,0,0,0,0,0,0,5
rt,gemini,max,0,0,0,0,0,0,0,0,0,5
webtools,wtpsourceediting,avg,0,0,0,0,0,0,0,0,0,0
webtools,wtpsourceediting,min,0,0,0,0,0,0,0,0,0,0
webtools,wtpsourceediting,max,0,0,0,0,0,0,0,0,0,0
technology,rcptt,avg,14,22,0,100,62,71,58,124,0,254
technology,rcptt,min,0,0,0,0,0,0,0,108,0,254
technology,rcptt,max,29,73,0,209,139,421,347,139,0,254
modeling,mdt,avg,0,18,0,50,15,94,95,20,0,114
modeling,mdt,min,0,0,0,0,0,0,0,0,0,114
modeling,mdt,max,0,41,0,115,79,196,314,79,0,114
soa,soaplatform,avg,0,0,0,0,0,0,0,0,0,0
soa,soaplatform,min,0,0,0,0,0,0,0,0,0,0
soa,soaplatform,max,0,0,0,0,0,0,0,0,0,0
rt,ebr,avg,0,0,0,0,0,0,60,0,0,6
rt,ebr,min,0,0,0,0,0,0,0,0,0,6
rt,ebr,max,0,0,0,0,0,0,119,0,0,6
technology,vtp,avg,134,0,134,53,3,79,237,0,0,259
technology,vtp,min,0,0,0,0,0,0,0,0,0,259
technology,vtp,max,426,0,426,106,5,203,1183,0,0,259
rt,gyrex,avg,43,74,43,150,26,140,136,0,0,157
rt,gyrex,min,0,0,0,0,0,0,0,0,0,157
rt,gyrex,max,129,148,129,567,77,1375,829,0,0,157
modeling,amp,avg,328,982,4,104,0,814,117,0,0,171
modeling,amp,min,0,0,0,0,0,0,0,0,0,171
modeling,amp,max,1302,1869,10,526,0,1533,436,0,0,171
modeling,papyrusrt,avg,0,0,0,0,0,0,0,0,0,0
modeling,papyrusrt,min,0,0,0,0,0,0,0,0,0,0
modeling,papyrusrt,max,0,0,0,0,0,0,0,0,0,0
webtools,wtpcommontools,avg,0,0,0,0,0,0,0,0,0,0
webtools,wtpcommontools,min,0,0,0,0,0,0,0,0,0,0
webtools,wtpcommontools,max,0,0,0,0,0,0,0,0,0,0
modeling,eef,avg,10,0,10,1682,1681,158,795,1692,0,330
modeling,eef,min,0,0,0,0,7,0,0,7,0,330
modeling,eef,max,21,0,21,2381,2551,627,2335,2551,0,330
modeling,capra,avg,0,0,0,0,21,0,23,0,0,46
modeling,capra,min,0,0,0,0,0,0,0,0,0,46
modeling,capra,max,0,0,0,0,35,0,96,0,0,46
tools,titan,avg,0,0,0,1,11,0,80,0,0,183
tools,titan,min,0,0,0,0,0,0,0,0,0,183
tools,titan,max,0,0,0,1,31,0,255,0,0,183
technology,sapphire,avg,88,0,104,49,258,133,184,33,0,1189
technology,sapphire,min,0,0,0,0,0,0,0,33,0,1189
technology,sapphire,max,827,0,827,682,1503,812,1168,33,0,1189
tools,gef,avg,1060,149,1196,239,2158,268,787,130,0,2950
tools,gef,min,0,0,0,0,0,0,0,0,0,2950
tools,gef,max,2516,1045,2516,1955,4669,1306,4111,1071,0,2950
tools,oomph,avg,14,61,17,281,72,73,136,67,0,1438
tools,oomph,min,0,0,0,0,0,0,0,0,0,1438
tools,oomph,max,32,228,32,876,532,498,751,272,0,1438
rt,ecf,avg,165,222,114,154,137,353,286,32,0,1944
rt,ecf,min,0,0,0,0,0,0,0,0,0,1944
rt,ecf,max,1352,1352,1192,961,728,2414,2414,111,0,1944
technology,scanning,avg,0,0,0,0,0,0,0,0,0,0
technology,scanning,min,0,0,0,0,0,0,0,0,0,0
technology,scanning,max,0,0,0,0,0,0,0,0,0,0
technology,nebula.incubator,avg,0,0,0,0,0,0,5,0,0,1
technology,nebula.incubator,min,0,0,0,0,0,0,5,0,0,1
technology,nebula.incubator,max,0,0,0,0,0,0,5,0,0,1
foundation,z_archived,avg,0,0,0,0,0,0,0,0,0,0
foundation,z_archived,min,0,0,0,0,0,0,0,0,0,0
foundation,z_archived,max,0,0,0,0,0,0,0,0,0,0
rt,gemini.dbaccess,avg,0,0,0,294,0,0,3,0,0,19
rt,gemini.dbaccess,min,0,0,0,292,0,0,0,0,0,19
rt,gemini.dbaccess,max,0,0,0,296,0,0,6,0,0,19
science,dawnsci,avg,0,0,0,0,0,0,0,0,0,1
science,dawnsci,min,0,0,0,0,0,0,0,0,0,1
science,dawnsci,max,0,0,0,0,0,0,0,0,0,1
ecd,che,avg,0,0,0,0,0,0,0,0,0,22
ecd,che,min,0,0,0,0,0,0,0,0,0,22
ecd,che,max,0,0,0,0,0,0,0,0,0,22
iot,kapua,avg,0,0,0,0,0,0,1,0,0,1
iot,kapua,min,0,0,0,0,0,0,1,0,0,1
iot,kapua,max,0,0,0,0,0,0,1,0,0,1
iot,unide,avg,0,0,0,0,0,0,0,0,0,0
iot,unide,min,0,0,0,0,0,0,0,0,0,0
iot,unide,max,0,0,0,0,0,0,0,0,0,0
soa,ebpm,avg,0,0,0,0,0,0,0,0,0,2
soa,ebpm,min,0,0,0,0,0,0,0,0,0,2
soa,ebpm,max,0,0,0,0,0,0,0,0,0,2
tools,linuxtools,avg,0,0,0,0,0,0,0,0,0,0
tools,linuxtools,min,0,0,0,0,0,0,0,0,0,0
tools,linuxtools,max,0,0,0,0,0,0,0,0,0,0
eclipse,jdt,avg,1042,802,1168,410,662,650,1532,497,0,54535
eclipse,jdt,min,0,0,0,0,0,0,0,0,0,54535
eclipse,jdt,max,5070,4868,5070,3184,4427,4095,5076,3345,0,54535
technology,handly,avg,60,83,48,65,66,44,37,0,0,142
technology,handly,min,0,0,0,0,0,0,0,0,0,142
technology,handly,max,223,260,223,201,223,260,219,0,0,142
technology,recommenders.incubator,avg,3,3,3,50,426,3,112,426,0,225
technology,recommenders.incubator,min,0,0,0,0,0,0,0,0,0,225
technology,recommenders.incubator,max,5,5,5,277,837,5,836,837,0,225
mylyn,mylyn,avg,267,462,335,299,340,329,606,238,0,8422
mylyn,mylyn,min,0,0,0,0,0,0,0,0,0,8422
mylyn,mylyn,max,3199,3032,2302,3199,1664,2080,3429,1664,0,8422
mylyn,mylyndocs,avg,0,0,0,0,0,0,0,0,0,0
mylyn,mylyndocs,min,0,0,0,0,0,0,0,0,0,0
mylyn,mylyndocs,max,0,0,0,0,0,0,0,0,0,0
iot,wakaama,avg,0,0,0,0,0,0,0,0,0,10
iot,wakaama,min,0,0,0,0,0,0,0,0,0,10
iot,wakaama,max,0,0,0,0,0,0,0,0,0,10
modeling,elk,avg,0,0,0,0,0,0,0,0,0,3
modeling,elk,min,0,0,0,0,0,0,0,0,0,3
modeling,elk,max,0,0,0,0,0,0,0,0,0,3
soa,bpel,avg,42,672,3,735,580,1024,547,10,0,376
soa,bpel,min,0,0,0,0,0,0,0,0,0,376
soa,bpel,max,61,2332,5,2332,2329,2329,2332,28,0,376
technology,egerrit,avg,1,0,1,1,1,41,71,1,0,394
technology,egerrit,min,0,0,1,0,0,0,0,0,0,394
technology,egerrit,max,1,0,1,1,1,344,228,1,0,394
iot,iofog,avg,0,0,0,0,0,0,0,0,0,0
iot,iofog,min,0,0,0,0,0,0,0,0,0,0
iot,iofog,max,0,0,0,0,0,0,0,0,0,0
modeling,gmftooling,avg,0,0,0,0,0,0,0,0,0,0
modeling,gmftooling,min,0,0,0,0,0,0,0,0,0,0
modeling,gmftooling,max,0,0,0,0,0,0,0,0,0,0
technology,jnosql,avg,0,0,0,0,0,0,0,0,0,0
technology,jnosql,min,0,0,0,0,0,0,0,0,0,0
technology,jnosql,max,0,0,0,0,0,0,0,0,0,0
datatools,datatools,avg,0,0,0,0,0,0,0,0,0,0
datatools,datatools,min,0,0,0,0,0,0,0,0,0,0
datatools,datatools,max,0,0,0,0,0,0,0,0,0,0
rt,equinox,avg,362,206,448,369,528,392,602,459,0,13046
rt,equinox,min,0,0,0,0,0,0,0,0,0,13046
rt,equinox,max,2592,1784,2592,4100,4100,2500,4100,4100,0,13046
tools,thym,avg,3,0,3,175,257,211,110,257,0,130
tools,thym,min,0,0,0,0,0,0,0,0,0,130
tools,thym,max,6,0,6,514,514,564,514,514,0,130
tools,mtj,avg,67,81,63,71,81,71,151,157,0,744
tools,mtj,min,0,0,0,0,0,0,0,0,0,744
tools,mtj,max,678,412,678,280,677,405,1110,470,0,744
mylyn,mylyncontextmft,avg,0,0,0,0,0,0,0,0,0,0
mylyn,mylyncontextmft,min,0,0,0,0,0,0,0,0,0,0
mylyn,mylyncontextmft,max,0,0,0,0,0,0,0,0,0,0
modeling,edapt,avg,0,383,0,472,428,441,309,203,0,125
modeling,edapt,min,0,0,0,0,0,0,0,0,0,125
modeling,edapt,max,0,1214,0,1011,1310,1065,1367,600,0,125
iot,hawkbit,avg,0,0,0,0,0,0,0,0,0,0
iot,hawkbit,min,0,0,0,0,0,0,0,0,0,0
iot,hawkbit,max,0,0,0,0,0,0,0,0,0,0
modeling,fmc,avg,0,0,0,0,0,0,0,0,0,9
modeling,fmc,min,0,0,0,0,0,0,0,0,0,9
modeling,fmc,max,0,0,0,0,0,0,0,0,0,9
modeling,amalgam,avg,0,0,0,71,98,45,105,55,0,124
modeling,amalgam,min,0,0,0,0,0,0,0,0,0,124
modeling,amalgam,max,0,0,0,284,446,176,446,284,0,124
iot,ponte,avg,0,0,0,0,0,0,0,0,0,4
iot,ponte,min,0,0,0,0,0,0,0,0,0,4
iot,ponte,max,0,0,0,0,0,0,0,0,0,4
iot,tinydtls,avg,0,12,0,0,0,0,54,0,0,7
iot,tinydtls,min,0,12,0,0,0,0,54,0,0,7
iot,tinydtls,max,0,12,0,0,0,0,54,0,0,7
tools,ajdt,avg,277,636,37,137,125,237,310,110,0,1465
tools,ajdt,min,0,0,0,0,0,0,0,0,0,1465
tools,ajdt,max,524,2405,74,1376,1376,1069,2086,1376,0,1465
mylyn,mylyncontext,avg,0,0,0,0,0,0,0,0,0,0
mylyn,mylyncontext,min,0,0,0,0,0,0,0,0,0,0
mylyn,mylyncontext,max,0,0,0,0,0,0,0,0,0,0
technology,ogee,avg,0,0,0,50,0,179,7,0,0,33
technology,ogee,min,0,0,0,0,0,0,0,0,0,33
technology,ogee,max,0,0,0,191,0,358,20,0,0,33
tools,buildship,avg,195,35,209,44,23,176,79,23,0,390
tools,buildship,min,0,6,0,0,0,0,0,0,0,390
tools,buildship,max,490,53,490,100,67,490,470,67,0,390
iot,kura,avg,0,0,0,0,0,22,16,0,0,46
iot,kura,min,0,0,0,0,0,0,1,0,0,46
iot,kura,max,0,0,0,0,0,43,44,0,0,46
modeling,mmt.atl,avg,50,0,0,64,185,234,179,12,0,271
modeling,mmt.atl,min,16,0,0,0,0,0,0,0,0,271
modeling,mmt.atl,max,87,0,0,161,877,729,768,23,0,271
modeling,sirius,avg,106,145,104,36,84,238,198,35,0,1595
modeling,sirius,min,0,0,0,0,0,0,0,0,0,1595
modeling,sirius,max,737,548,737,200,846,1004,1052,98,0,1595
technology,packagedrone,avg,0,0,0,0,0,0,0,0,0,0
technology,packagedrone,min,0,0,0,0,0,0,0,0,0,0
technology,packagedrone,max,0,0,0,0,0,0,0,0,0,0
technology,hudson,avg,483,119,189,109,258,163,173,536,0,1423
technology,hudson,min,0,0,0,0,0,0,0,0,0,1423
technology,hudson,max,1013,305,742,553,1626,917,824,1626,0,1423
mylyn,mylynbuilds,avg,0,0,0,0,0,0,0,0,0,0
mylyn,mylynbuilds,min,0,0,0,0,0,0,0,0,0,0
mylyn,mylynbuilds,max,0,0,0,0,0,0,0,0,0,0
science,chemclipse,avg,0,0,17,0,0,0,0,0,0,22
science,chemclipse,min,0,0,17,0,0,0,0,0,0,22
science,chemclipse,max,0,0,17,0,0,0,0,0,0,22
technology,camf,avg,0,0,0,0,0,0,0,0,0,12
technology,camf,min,0,0,0,0,0,0,0,0,0,12
technology,camf,max,0,0,0,0,0,0,0,0,0,12
modeling,gmfnotation,avg,0,0,0,0,0,0,0,0,0,0
modeling,gmfnotation,min,0,0,0,0,0,0,0,0,0,0
modeling,gmfnotation,max,0,0,0,0,0,0,0,0,0,0
tools,xtend,avg,136,230,153,156,187,182,277,113,0,2297
tools,xtend,min,0,7,0,0,0,0,0,0,0,2297
tools,xtend,max,1001,541,1001,1407,1001,911,1975,566,0,2297
technology,stem,avg,310,223,323,0,507,90,440,1,0,437
technology,stem,min,0,0,0,0,0,0,0,0,0,437
technology,stem,max,981,1061,981,0,999,419,1348,3,0,437
tools,targetmanagement,avg,0,0,0,0,0,0,0,0,0,0
tools,targetmanagement,min,0,0,0,0,0,0,0,0,0,0
tools,targetmanagement,max,0,0,0,0,0,0,0,0,0,0
technology,woolsey,avg,0,161,0,0,419,0,520,520,0,50
technology,woolsey,min,0,0,0,0,218,0,493,493,0,50
technology,woolsey,max,0,419,0,0,546,0,546,546,0,50
tools,tcf,avg,47,10,16,561,604,26,142,653,0,1144
tools,tcf,min,0,0,0,0,0,0,0,0,0,1144
tools,tcf,max,328,41,84,1169,1271,88,978,1271,0,1144
modeling,emft.facet,avg,46,319,46,100,340,107,278,151,0,828
modeling,emft.facet,min,0,0,0,0,0,0,0,0,0,828
modeling,emft.facet,max,637,1521,637,946,1461,442,1521,724,0,828
webtools,wtpreleng,avg,0,0,0,0,0,0,0,0,0,0
webtools,wtpreleng,min,0,0,0,0,0,0,0,0,0,0
webtools,wtpreleng,max,0,0,0,0,0,0,0,0,0,0
iot,paho,avg,71,0,71,8,70,15,111,0,0,143
iot,paho,min,0,0,0,0,2,0,0,0,0,143
iot,paho,max,206,0,206,16,219,29,421,0,0,143
technology,sw360,avg,0,0,0,0,0,0,0,0,0,0
technology,sw360,min,0,0,0,0,0,0,0,0,0,0
technology,sw360,max,0,0,0,0,0,0,0,0,0,0
webtools,wtpejbtools,avg,0,0,0,0,0,0,0,0,0,0
webtools,wtpejbtools,min,0,0,0,0,0,0,0,0,0,0
webtools,wtpejbtools,max,0,0,0,0,0,0,0,0,0,0
modeling,etrice,avg,0,251,0,54,14,553,169,0,0,541
modeling,etrice,min,0,0,0,0,0,0,0,0,0,541
modeling,etrice,max,0,501,0,273,33,1588,1067,0,0,541
mylyn,mylyndocsvex,avg,0,0,0,0,0,0,0,0,0,0
mylyn,mylyndocsvex,min,0,0,0,0,0,0,0,0,0,0
mylyn,mylyndocsvex,max,0,0,0,0,0,0,0,0,0,0
iot,mihini,avg,0,58,0,0,0,22,32,0,0,121
iot,mihini,min,0,0,0,0,0,0,0,0,0,121
iot,mihini,max,0,173,0,0,0,63,135,0,0,121
technology,collections,avg,0,0,0,0,0,0,0,0,0,0
technology,collections,min,0,0,0,0,0,0,0,0,0,0
technology,collections,max,0,0,0,0,0,0,0,0,0,0
technology,cbi,avg,18,286,12,307,1313,194,833,1487,0,613
technology,cbi,min,0,0,0,0,0,0,0,0,0,613
technology,cbi,max,74,2283,48,2310,3598,693,3598,3598,0,613
ecd,cft,avg,0,0,0,0,3,0,57,3,0,131
ecd,cft,min,0,0,0,0,3,0,0,3,0,131
ecd,cft,max,0,0,0,0,3,0,215,3,0,131
modeling,gmp,avg,119,14,0,49,60,35,162,17,0,245
modeling,gmp,min,1,0,0,0,0,0,0,0,0,245
modeling,gmp,max,311,29,0,160,424,133,1052,55,0,245
iot,om2m,avg,0,0,0,7,1,0,29,0,0,44
iot,om2m,min,0,0,0,6,1,0,0,0,0,44
iot,om2m,max,0,0,0,8,1,0,125,0,0,44
tools,buckminster,avg,79,290,78,235,188,169,176,189,0,1261
tools,buckminster,min,0,0,0,0,0,0,0,0,0,1261
tools,buckminster,max,381,1465,381,838,684,1504,1482,618,0,1261
rt,gemini.blueprint,avg,0,0,0,367,190,309,226,49,0,87
rt,gemini.blueprint,min,0,0,0,0,0,19,0,0,0,87
rt,gemini.blueprint,max,0,0,0,2058,805,1150,1053,160,0,87
rt,gemini.management,avg,0,0,0,173,0,0,74,0,0,49
rt,gemini.management,min,0,0,0,0,0,0,0,0,0,49
rt,gemini.management,max,0,0,0,393,0,0,423,0,0,49
rt,jetty,avg,78,54,122,154,180,156,253,63,0,3770
rt,jetty,min,0,0,0,0,0,0,0,0,0,3770
rt,jetty,max,309,246,1034,1457,898,1034,1836,246,0,3770
technology,mdmweb,avg,3,0,3,0,0,0,21,0,0,28
technology,mdmweb,min,0,0,0,0,0,0,0,0,0,28
technology,mdmweb,max,8,0,8,0,0,0,87,0,0,28
ecd,dirigible,avg,16,24,16,143,3,37,38,0,0,320
ecd,dirigible,min,0,0,0,0,0,0,0,0,0,320
ecd,dirigible,max,31,55,31,558,7,129,80,0,0,320
rt,gemini.web,avg,16,0,13,39,43,28,82,43,0,217
rt,gemini.web,min,0,0,0,1,0,0,0,0,0,217
rt,gemini.web,max,49,0,49,139,138,102,677,138,0,217
technology,skalli,avg,78,20,83,0,50,107,59,0,0,177
technology,skalli,min,0,0,0,0,0,0,0,0,0,177
technology,skalli,max,258,50,258,0,147,482,398,0,0,177
modeling,ocl,avg,1,87,1,77,272,190,286,288,0,1739
modeling,ocl,min,0,0,0,0,0,0,0,0,0,1739
modeling,ocl,max,2,742,2,355,2011,1076,1669,2011,0,1739
modeling,mdt.rmf,avg,191,132,122,0,141,240,309,0,0,347
modeling,mdt.rmf,min,0,0,0,0,0,0,0,0,0,347
modeling,mdt.rmf,max,888,545,545,0,539,1215,1363,0,0,347
technology,dltk,avg,140,153,315,254,268,189,185,256,0,1121
technology,dltk,min,0,0,0,0,0,0,0,0,0,1121
technology,dltk,max,1160,753,1160,869,1564,1328,1564,1564,0,1121
technology,gef3d,avg,2,0,3,0,0,0,211,0,0,120
technology,gef3d,min,0,0,2,0,0,0,0,0,0,120
technology,gef3d,max,3,0,3,0,0,0,761,0,0,120
iot,whiskers,avg,0,0,0,0,0,0,0,0,0,0
iot,whiskers,min,0,0,0,0,0,0,0,0,0,0
iot,whiskers,max,0,0,0,0,0,0,0,0,0,0
science,statet,avg,0,0,0,0,0,0,0,0,0,0
science,statet,min,0,0,0,0,0,0,0,0,0,0
science,statet,max,0,0,0,0,0,0,0,0,0,0
soa,stardust,avg,0,0,0,83,85,81,161,0,0,538
soa,stardust,min,0,0,0,0,0,0,0,0,0,538
soa,stardust,max,0,0,0,475,475,162,1049,0,0,538
technology,m2ewtp,avg,0,0,0,0,0,0,0,0,0,0
technology,m2ewtp,min,0,0,0,0,0,0,0,0,0,0
technology,m2ewtp,max,0,0,0,0,0,0,0,0,0,0
tools,damos,avg,0,0,0,0,0,0,0,0,0,6
tools,damos,min,0,0,0,0,0,0,0,0,0,6
tools,damos,max,0,0,0,0,0,0,0,0,0,6
mylyn,mylynversions,avg,0,0,0,0,0,0,0,0,0,0
mylyn,mylynversions,min,0,0,0,0,0,0,0,0,0,0
mylyn,mylynversions,max,0,0,0,0,0,0,0,0,0,0
technology,lsp4j,avg,0,0,0,0,21,0,21,21,0,1
technology,lsp4j,min,0,0,0,0,21,0,21,21,0,1
technology,lsp4j,max,0,0,0,0,21,0,21,21,0,1
eclipse,pde,avg,433,205,414,204,368,386,729,336,0,15737
eclipse,pde,min,0,0,0,0,0,0,0,0,0,15737
eclipse,pde,max,2590,2996,2489,1156,5349,2461,4886,5349,0,15737
technology,lsp4e,avg,3,32,3,0,5,3,20,0,0,60
technology,lsp4e,min,0,0,0,0,1,0,0,0,0,60
technology,lsp4e,max,6,63,6,0,8,9,57,0,0,60
rt,rap,avg,147,290,195,137,305,261,226,63,0,5011
rt,rap,min,0,0,0,0,0,0,0,0,0,5011
rt,rap,max,1261,1590,1261,1486,1974,1456,1974,269,0,5011
modeling,mdt.bpmn2,avg,0,0,0,0,0,0,54,0,0,62
modeling,mdt.bpmn2,min,0,0,0,0,0,0,0,0,0,62
modeling,mdt.bpmn2,max,0,0,0,0,0,0,248,0,0,62
technology,openkplatform,avg,0,0,0,0,0,0,0,0,0,0
technology,openkplatform,min,0,0,0,0,0,0,0,0,0,0
technology,openkplatform,max,0,0,0,0,0,0,0,0,0,0
rt,gemini.naming,avg,0,0,0,1,126,111,104,126,0,26
rt,gemini.naming,min,0,0,0,1,51,0,0,51,0,26
rt,gemini.naming,max,0,0,0,1,234,304,342,234,0,26
technology,lyo,avg,97,34,97,141,16,177,216,0,0,881
technology,lyo,min,0,0,0,0,0,0,0,0,0,881
technology,lyo,max,368,88,368,833,45,751,958,0,0,881
modeling,emft,avg,93,225,1,182,108,136,119,122,0,604
modeling,emft,min,0,0,0,0,0,0,0,0,0,604
modeling,emft,max,289,1081,1,624,779,795,907,779,0,604
tools,ldt,avg,45,208,2,334,239,129,144,340,0,381
tools,ldt,min,0,0,0,0,0,0,0,0,0,381
tools,ldt,max,214,1014,5,1014,1029,778,1029,1029,0,381
technology,tm4e,avg,109,0,109,205,205,57,205,205,0,1
technology,tm4e,min,109,0,109,58,58,57,58,58,0,1
technology,tm4e,max,109,0,109,351,351,57,351,351,0,1
modeling,emfcompare,avg,8,110,86,466,528,140,105,31,0,1095
modeling,emfcompare,min,0,0,0,0,0,0,0,0,0,1095
modeling,emfcompare,max,22,609,402,2042,2070,1184,798,187,0,1095
modeling,qvto,avg,17,0,7,163,76,32,204,100,0,967
modeling,qvto,min,0,0,0,0,0,0,0,0,0,967
modeling,qvto,max,37,0,13,981,357,140,1566,357,0,967
science,ice,avg,38,20,38,0,35,44,37,69,0,327
science,ice,min,0,0,0,0,0,0,0,69,0,327
science,ice,max,109,39,109,0,69,74,134,69,0,327
tools,windowbuilder,avg,58,120,72,5,12,39,135,12,0,501
tools,windowbuilder,min,0,0,0,0,0,0,0,0,0,501
tools,windowbuilder,max,278,388,361,17,51,252,1094,51,0,501
tools,pdt.incubator,avg,0,0,0,0,0,0,0,0,0,1
tools,pdt.incubator,min,0,0,0,0,0,0,0,0,0,1
tools,pdt.incubator,max,0,0,0,0,0,0,0,0,0,1
modeling,qvtd,avg,0,0,0,0,685,0,340,37,0,262
modeling,qvtd,min,0,0,0,0,0,0,0,0,0,262
modeling,qvtd,max,0,0,0,0,2486,0,1250,109,0,262
science,eavp,avg,0,0,0,0,0,0,0,0,0,4
science,eavp,min,0,0,0,0,0,0,0,0,0,4
science,eavp,max,0,0,0,0,0,0,0,0,0,4
modeling,tmf,avg,368,289,377,262,556,207,403,161,0,5272
modeling,tmf,min,0,0,0,0,0,0,0,0,0,5272
modeling,tmf,max,2343,1533,2343,1533,2143,1248,2252,908,0,5272
webtools,javaserverfaces,avg,0,0,0,0,0,0,0,0,0,0
webtools,javaserverfaces,min,0,0,0,0,0,0,0,0,0,0
webtools,javaserverfaces,max,0,0,0,0,0,0,0,0,0,0
modeling,mmt,avg,0,10,0,0,0,311,322,0,0,42
modeling,mmt,min,0,0,0,0,0,0,0,0,0,42
modeling,mmt,max,0,29,0,0,0,891,1594,0,0,42
soa,mangrove,avg,0,0,0,854,1720,0,1454,1720,0,13
soa,mangrove,min,0,0,0,854,854,0,24,854,0,13
soa,mangrove,max,0,0,0,854,2778,0,2778,2778,0,13
technology,mbeddr,avg,0,0,0,0,0,0,0,0,0,0
technology,mbeddr,min,0,0,0,0,0,0,0,0,0,0
technology,mbeddr,max,0,0,0,0,0,0,0,0,0,0
iot,ditto,avg,0,0,0,0,0,0,0,0,0,0
iot,ditto,min,0,0,0,0,0,0,0,0,0,0
iot,ditto,max,0,0,0,0,0,0,0,0,0,0
technology,egit,avg,283,95,277,245,430,240,332,170,0,4085
technology,egit,min,0,0,0,0,0,0,0,0,0,4085
technology,egit,max,2033,284,2033,2033,1975,1953,2034,1399,0,4085
technology,eclemma,avg,1,0,1,0,0,1,22,0,0,20
technology,eclemma,min,0,0,0,0,0,1,0,0,0,20
technology,eclemma,max,2,0,2,0,0,1,66,0,0,20
technology,mdmbl,avg,0,0,0,0,32,0,32,32,0,2
technology,mdmbl,min,0,0,0,0,32,0,32,32,0,2
technology,mdmbl,max,0,0,0,0,32,0,32,32,0,2
soa,bpmn2modeler,avg,0,338,0,337,18,139,61,3,0,705
soa,bpmn2modeler,min,0,0,0,0,0,0,0,0,0,705
soa,bpmn2modeler,max,0,1384,0,1418,61,1384,245,8,0,705
technology,omr,avg,0,0,0,0,0,0,0,0,0,0
technology,omr,min,0,0,0,0,0,0,0,0,0,0
technology,omr,max,0,0,0,0,0,0,0,0,0,0
iot,krikkit,avg,0,0,0,0,0,0,0,0,0,6
iot,krikkit,min,0,0,0,0,0,0,0,0,0,6
iot,krikkit,max,0,0,0,0,0,0,0,0,0,6
technology,nattable,avg,84,55,92,45,34,116,198,29,0,743
technology,nattable,min,0,55,0,0,0,0,0,0,0,743
technology,nattable,max,183,55,183,213,73,366,964,58,0,743
technology,n4js,avg,0,0,0,0,0,0,0,0,0,0
technology,n4js,min,0,0,0,0,0,0,0,0,0,0
technology,n4js,max,0,0,0,0,0,0,0,0,0,0
mylyn,mylyntasks,avg,0,0,0,0,0,0,0,0,0,0
mylyn,mylyntasks,min,0,0,0,0,0,0,0,0,0,0
mylyn,mylyntasks,max,0,0,0,0,0,0,0,0,0,0
technology,jgit,avg,270,106,263,239,227,133,217,230,0,991
technology,jgit,min,0,0,0,0,0,0,0,0,0,991
technology,jgit,max,1625,290,1625,1625,1625,864,1625,1625,0,991
webtools,libra,avg,2007,0,2007,121,172,35,216,131,0,152
webtools,libra,min,2007,0,2007,0,0,0,0,0,0,152
webtools,libra,max,2007,0,2007,369,2007,184,2005,369,0,152
modeling,gendoc,avg,0,0,0,9,1,70,116,0,0,106
modeling,gendoc,min,0,0,0,0,0,0,0,0,0,106
modeling,gendoc,max,0,0,0,23,1,174,722,0,0,106
modeling,emf,avg,251,477,237,1253,1356,193,724,2855,0,8029
modeling,emf,min,0,0,0,0,0,0,0,0,0,8029
modeling,emf,max,2115,2223,2115,4153,4169,3417,3899,4169,0,8029
modeling,papyrusxtuml,avg,0,0,0,0,0,0,0,0,0,0
modeling,papyrusxtuml,min,0,0,0,0,0,0,0,0,0,0
modeling,papyrusxtuml,max,0,0,0,0,0,0,0,0,0,0
tools,cdt,avg,414,180,463,446,1046,299,762,403,0,19331
tools,cdt,min,0,0,0,0,0,0,0,0,0,19331
tools,cdt,max,2766,2775,2766,2557,4526,3161,4526,2315,0,19331
iot,ignite,avg,0,0,0,0,0,0,0,0,0,0
iot,ignite,min,0,0,0,0,0,0,0,0,0,0
iot,ignite,max,0,0,0,0,0,0,0,0,0,0
technology,rtp,avg,0,0,0,0,2,0,176,0,0,77
technology,rtp,min,0,0,0,0,0,0,0,0,0,77
technology,rtp,max,0,0,0,0,4,0,1259,0,0,77
modeling,emft.b3,avg,25,33,12,736,322,141,147,429,0,140
modeling,emft.b3,min,0,0,0,736,0,0,0,220,0,140
modeling,emft.b3,max,69,69,24,736,736,254,736,736,0,140
rt,gemini.jpa,avg,163,279,84,126,62,140,6,56,0,126
rt,gemini.jpa,min,0,279,0,0,0,0,0,0,0,126
rt,gemini.jpa,max,322,279,167,274,219,279,15,219,0,126
technology,sisu,avg,0,4,0,232,11,8,178,0,0,130
technology,sisu,min,0,0,0,0,6,8,0,0,0,130
technology,sisu,max,0,8,0,647,15,8,705,0,0,130
tools,orbit,avg,284,237,284,17,145,109,524,140,0,1033
tools,orbit,min,0,0,0,0,0,0,0,0,0,1033
tools,orbit,max,1952,1844,1952,66,1484,565,3472,1484,0,1033
technology,scout,avg,147,133,130,167,29,124,306,0,0,1912
technology,scout,min,0,0,0,0,0,0,0,0,0,1912
technology,scout,max,704,689,618,766,152,706,1469,0,0,1912
science,richbeans,avg,0,0,0,0,0,0,0,0,0,0
science,richbeans,min,0,0,0,0,0,0,0,0,0,0
science,richbeans,max,0,0,0,0,0,0,0,0,0,0
technology,babel,avg,78,235,78,110,375,242,348,137,0,653
technology,babel,min,0,0,0,0,0,0,0,0,0,653
technology,babel,max,155,2778,155,849,2480,2032,2778,849,0,653
technology,osbp,avg,0,0,0,0,0,0,0,0,0,0
technology,osbp,min,0,0,0,0,0,0,0,0,0,0
technology,osbp,max,0,0,0,0,0,0,0,0,0,0
technology,mpc,avg,76,8,81,219,213,64,254,213,0,596
technology,mpc,min,0,0,0,0,0,0,0,0,0,596
technology,mpc,max,613,19,613,1357,1384,303,1441,1384,0,596
technology,efxclipse,avg,173,0,173,76,112,14,123,165,0,1092
technology,efxclipse,min,0,0,0,0,0,0,0,0,0,1092
technology,efxclipse,max,345,0,345,349,383,63,462,383,0,1092
tools,tracecompass,avg,2,0,4,315,336,169,88,351,0,500
tools,tracecompass,min,0,0,4,0,0,0,0,0,0,500
tools,tracecompass,max,4,0,4,1011,1011,452,517,1011,0,500
technology,epf,avg,90,396,92,119,117,108,380,59,0,3064
technology,epf,min,0,0,0,0,0,0,0,0,0,3064
technology,epf,max,377,1230,377,735,513,503,2638,197,0,3064
iot,agail,avg,0,0,0,0,0,0,0,0,0,0
iot,agail,min,0,0,0,0,0,0,0,0,0,0
iot,agail,max,0,0,0,0,0,0,0,0,0,0
rt,apricot,avg,0,0,0,0,0,0,0,0,0,14
rt,apricot,min,0,0,0,0,0,0,0,0,0,14
rt,apricot,max,0,0,0,0,0,0,0,0,0,14
technology,osee,avg,535,11,535,149,104,64,517,26,0,355
technology,osee,min,0,0,0,0,0,0,0,4,0,355
technology,osee,max,1139,27,1139,798,467,218,1138,48,0,355
modeling,emf.parsley,avg,0,0,0,0,5,21,43,0,0,142
modeling,emf.parsley,min,0,0,0,0,0,0,0,0,0,142
modeling,emf.parsley,max,0,0,0,0,11,41,257,0,0,142
tools,atf,avg,143,202,365,159,113,327,304,159,0,493
tools,atf,min,0,0,365,0,0,0,0,0,0,493
tools,atf,max,372,1058,365,462,462,1116,1139,462,0,493
tools,aspectj,avg,278,680,4,141,186,163,233,136,0,2884
tools,aspectj,min,0,0,0,0,0,0,0,0,0,2884
tools,aspectj,max,553,2413,12,1013,1013,1037,1159,1013,0,2884
modeling,modeling,avg,0,407,34,106,125,97,80,131,0,217
modeling,modeling,min,0,8,34,0,0,0,0,0,0,217
modeling,modeling,max,0,1136,34,448,458,406,458,458,0,217
modeling,emft.refactor,avg,0,0,0,1,1,0,1,1,0,20
modeling,emft.refactor,min,0,0,0,1,1,0,1,1,0,20
modeling,emft.refactor,max,0,0,0,1,1,0,1,1,0,20
technology,dash,avg,267,407,4,6,283,68,268,335,0,199
technology,dash,min,0,0,0,0,0,0,0,0,0,199
technology,dash,max,464,1252,8,12,2435,196,2435,2435,0,199
technology,swtbot,avg,196,18,230,176,409,356,380,2,0,524
technology,swtbot,min,0,0,0,0,0,0,0,0,0,524
technology,swtbot,max,1257,35,1434,1257,1483,1553,1800,4,0,524
webtools,wtpwebsite,avg,0,0,0,0,0,0,0,0,0,0
webtools,wtpwebsite,min,0,0,0,0,0,0,0,0,0,0
webtools,wtpwebsite,max,0,0,0,0,0,0,0,0,0,0
foundation,workinggroups,avg,0,0,0,0,0,0,0,0,0,0
foundation,workinggroups,min,0,0,0,0,0,0,0,0,0,0
foundation,workinggroups,max,0,0,0,0,0,0,0,0,0,0
tools,tools,avg,0,0,0,0,0,0,1036,0,0,9
tools,tools,min,0,0,0,0,0,0,0,0,0,9
tools,tools,max,0,0,0,0,0,0,1740,0,0,9
technology,app4mc,avg,0,0,0,0,0,0,22,0,0,47
technology,app4mc,min,0,0,0,0,0,0,0,0,0,47
technology,app4mc,max,0,0,0,0,0,0,44,0,0,47
modeling,m2t,avg,513,227,126,287,134,134,293,147,0,1059
modeling,m2t,min,0,0,0,0,0,0,0,0,0,1059
modeling,m2t,max,1291,1257,404,1430,869,707,1458,869,0,1059
technology,tycho,avg,136,97,152,77,98,126,282,27,0,1060
technology,tycho,min,0,0,0,0,0,0,0,0,0,1060
technology,tycho,max,1203,623,1253,719,354,1180,1858,168,0,1060
iot,scada,avg,9,231,0,261,6,127,285,0,0,101
iot,scada,min,0,0,0,0,0,0,0,0,0,101
iot,scada,max,17,454,0,653,11,454,497,0,0,101
modeling,emft.js4emf,avg,0,0,0,0,0,0,0,0,0,0
modeling,emft.js4emf,min,0,0,0,0,0,0,0,0,0,0
modeling,emft.js4emf,max,0,0,0,0,0,0,0,0,0,0
modeling,mdht,avg,0,0,0,0,0,0,3,0,0,29
modeling,mdht,min,0,0,0,0,0,0,0,0,0,29
modeling,mdht,max,0,0,0,0,0,0,5,0,0,29
soa,score,avg,0,0,0,0,0,0,0,0,0,1
soa,score,min,0,0,0,0,0,0,0,0,0,1
soa,score,max,0,0,0,0,0,0,0,0,0,1
technology,jubula,avg,133,185,166,133,212,111,278,0,0,2030
technology,jubula,min,0,0,0,0,0,0,0,0,0,2030
technology,jubula,max,780,1601,1302,923,1302,592,1464,0,0,2030
technology,usssdk,avg,0,0,0,112,108,1,149,125,0,7
technology,usssdk,min,0,0,0,0,0,1,0,0,0,7
technology,usssdk,max,0,0,0,317,317,1,381,317,0,7
modeling,emf.egf,avg,0,0,0,154,0,0,89,0,0,191
modeling,emf.egf,min,0,0,0,0,0,0,0,0,0,191
modeling,emf.egf,max,0,0,0,276,0,0,258,0,0,191
mylyn,mylynreviewsr4e,avg,0,0,0,0,0,0,0,0,0,0
mylyn,mylynreviewsr4e,min,0,0,0,0,0,0,0,0,0,0
mylyn,mylynreviewsr4e,max,0,0,0,0,0,0,0,0,0,0
rt,ercp,avg,343,488,92,88,55,33,226,15,0,595
rt,ercp,min,0,0,0,0,0,0,0,0,0,595
rt,ercp,max,1079,1392,183,280,292,347,2402,39,0,595
webtools,webtools,avg,0,0,0,0,0,0,0,0,0,0
webtools,webtools,min,0,0,0,0,0,0,0,0,0,0
webtools,webtools,max,0,0,0,0,0,0,0,0,0,0
technology,microprofile,avg,0,0,0,0,0,0,0,0,0,3
technology,microprofile,min,0,0,0,0,0,0,0,0,0,3
technology,microprofile,max,0,0,0,0,0,0,0,0,0,3
iot,milo,avg,0,0,0,0,0,0,0,0,0,0
iot,milo,min,0,0,0,0,0,0,0,0,0,0
iot,milo,max,0,0,0,0,0,0,0,0,0,0
modeling,ecoretools,avg,0,113,0,88,32,142,179,32,0,293
modeling,ecoretools,min,0,0,0,0,0,0,0,0,0,293
modeling,ecoretools,max,0,728,0,1175,228,1472,1406,228,0,293
webtools,jsdt,avg,193,139,190,446,442,251,455,454,0,2439
webtools,jsdt,min,0,0,0,0,0,0,0,0,0,2439
webtools,jsdt,max,1986,691,1986,1620,1620,2752,2753,1620,0,2439
technology,epp,avg,253,82,179,186,215,169,222,172,0,1558
technology,epp,min,0,0,0,0,0,0,0,0,0,1558
technology,epp,max,1526,901,1485,2380,2380,1431,2272,2231,0,1558
webtools,wtpjavaeetools,avg,0,0,0,0,0,0,0,0,0,0
webtools,wtpjavaeetools,min,0,0,0,0,0,0,0,0,0,0
webtools,wtpjavaeetools,max,0,0,0,0,0,0,0,0,0,0
modeling,ecp,avg,24,310,1,37,130,94,128,20,0,1615
modeling,ecp,min,0,0,0,0,0,0,0,0,0,1615
modeling,ecp,max,72,1682,1,176,737,389,737,43,0,1615
iot,4diac,avg,0,0,0,151,29,1,6,0,0,302
iot,4diac,min,0,0,0,0,1,0,0,0,0,302
iot,4diac,max,0,0,0,419,64,2,19,0,0,302
mylyn,mylynreviews,avg,0,0,0,0,0,0,0,0,0,0
mylyn,mylynreviews,min,0,0,0,0,0,0,0,0,0,0
mylyn,mylynreviews,max,0,0,0,0,0,0,0,0,0,0
modeling,gmfruntime,avg,0,0,0,0,0,0,0,0,0,0
modeling,gmfruntime,min,0,0,0,0,0,0,0,0,0,0
modeling,gmfruntime,max,0,0,0,0,0,0,0,0,0,0
technology,recommenders,avg,169,214,183,100,229,181,142,66,0,1206
technology,recommenders,min,0,0,0,0,0,0,0,0,0,1206
technology,recommenders,max,776,617,776,776,776,1101,862,278,0,1206
eclipse,e4,avg,84,63,75,156,193,103,208,251,0,3478
eclipse,e4,min,0,0,0,0,0,0,0,0,0,3478
eclipse,e4,max,565,161,565,3038,3038,1427,3038,3038,0,3478
technology,remus,avg,0,0,0,0,0,0,7,0,0,61
technology,remus,min,0,0,0,0,0,0,7,0,0,61
technology,remus,max,0,0,0,0,0,0,7,0,0,61
modeling,epsilon,avg,121,16,233,263,643,366,207,643,0,535
modeling,epsilon,min,0,1,0,0,0,0,0,0,0,535
modeling,epsilon,max,465,30,465,636,1531,1356,1090,1531,0,535
eclipse,platform,avg,912,800,944,651,751,776,1462,613,0,108813
eclipse,platform,min,0,0,0,0,0,0,0,0,0,108813
eclipse,platform,max,5510,4273,5395,4184,3965,4453,5510,3965,0,108813
technology,reddeer,avg,0,0,0,0,0,0,0,0,0,0
technology,reddeer,min,0,0,0,0,0,0,0,0,0,0
technology,reddeer,max,0,0,0,0,0,0,0,0,0,0
tools,ptp,avg,204,284,175,314,438,252,308,536,0,2732
tools,ptp,min,0,0,0,0,0,0,0,0,0,2732
tools,ptp,max,1735,1486,1735,1735,2325,1735,1874,1735,0,2732
iot,paho.incubator,avg,0,0,0,0,0,0,0,0,0,0
iot,paho.incubator,min,0,0,0,0,0,0,0,0,0,0
iot,paho.incubator,max,0,0,0,0,0,0,0,0,0,0
science,triquetrum,avg,0,0,0,0,0,0,0,0,0,1
science,triquetrum,min,0,0,0,0,0,0,0,0,0,1
science,triquetrum,max,0,0,0,0,0,0,0,0,0,1
modeling,emfservices,avg,0,0,0,0,0,0,0,0,0,0
modeling,emfservices,min,0,0,0,0,0,0,0,0,0,0
modeling,emfservices,max,0,0,0,0,0,0,0,0,0,0
birt,birt,avg,211,443,180,177,291,232,497,95,0,22409
birt,birt,min,0,0,0,0,0,0,0,0,0,22409
birt,birt,max,1625,1757,851,1625,1484,1069,2332,1384,0,22409
modeling,upr,avg,0,0,0,0,0,0,39,0,0,3
modeling,upr,min,0,0,0,0,0,0,39,0,0,3
modeling,upr,max,0,0,0,0,0,0,39,0,0,3
modeling,mdt.uml2,avg,239,668,19,87,110,489,549,120,0,960
modeling,mdt.uml2,min,0,0,0,0,0,0,0,0,0,960
modeling,mdt.uml2,max,1126,2752,56,505,717,1954,2387,717,0,960
tools,objectteams,avg,97,151,97,102,184,82,241,129,0,664
tools,objectteams,min,0,0,0,0,0,0,0,0,0,664
tools,objectteams,max,210,440,210,1026,1046,447,1738,1026,0,664
technology,simopenpass,avg,0,0,0,0,0,0,0,0,0,0
technology,simopenpass,min,0,0,0,0,0,0,0,0,0,0
technology,simopenpass,max,0,0,0,0,0,0,0,0,0,0
rt,virgo,avg,212,36,122,163,238,107,329,13,0,1580
rt,virgo,min,0,0,0,0,0,0,0,0,0,1580
rt,virgo,max,630,116,282,1977,1688,964,2235,41,0,1580
technology,uomo,avg,79,363,44,88,587,340,153,0,0,48
technology,uomo,min,0,0,0,0,315,0,0,0,0,48
technology,uomo,max,300,803,87,175,858,803,358,0,0,48
eclipse,incubator,avg,0,0,0,1,1,0,16,1,0,48
eclipse,incubator,min,0,0,0,0,0,0,0,0,0,48
eclipse,incubator,max,0,0,0,1,1,0,43,1,0,48
technology,sensinact,avg,0,0,0,0,0,0,0,0,0,0
technology,sensinact,min,0,0,0,0,0,0,0,0,0,0
technology,sensinact,max,0,0,0,0,0,0,0,0,0,0
modeling,umlgen,avg,0,0,0,2,43,100,33,0,0,88
modeling,umlgen,min,0,0,0,0,0,0,0,0,0,88
modeling,umlgen,max,0,0,0,4,87,202,99,0,0,88
modeling,emf.diffmerge,avg,0,0,0,0,0,15,28,0,0,152
modeling,emf.diffmerge,min,0,0,0,0,0,0,0,0,0,152
modeling,emf.diffmerge,max,0,0,0,0,0,30,92,0,0,152
