domain,assignee,cnt
rt,glynnormington,3
rt,scottlewis,2
rt,matbooth,2
rt,thomaswatson,2
rt,chrisfrost,2
rt,stefanliebig,2
rt,stevepowell,2
rt,chrisaniszczyk,2
rt,benjaminmuskalla,2
rt,lazarkirchev,2
rt,steffenpingel,2
rt,violetageorgieva,2
rt,jeffmcaffer,2
rt,janoveweichel,1
rt,peterwissel,1
rt,danilaermakov,1
rt,aldoeisma,1
rt,mattlavin,1
rt,simonarcher,1
rt,thirumalareddymutchukota,1
rt,jessemcconnell,1
rt,miteshmeswani,1
rt,j체rgenbecker,1
rt,pavelsamolisov,1
rt,davidwilliams,1
rt,davidtwelves,1
rt,jakubjurkiewicz,1
rt,mattmacivor,1
rt,phpui,1
rt,andrewoverholt,1
rt,sabineheider,1
rt,snjezanapeco,1
rt,florianwaibel,1
rt,rafaelchaves,1
rt,gorkemercan,1
rt,juergenschumacher,1
rt,thanhha,1
rt,colemarkham,1
rt,steffenkriese,1
rt,grantgayed,1
rt,nirajmodi,1
rt,henrichkraemer,1
rt,userunknown,1
rt,remysuen,1
rt,allangodding,1
rt,rolandgrunberg,1
rt,jamessutherland,1
rt,arnaudmergey,1
rt,frankappel,1
rt,tedhabeck,1
rt,bensonwong,1
rt,angelozerr,1
rt,peterkrogh,1
rt,r체digerherrmann,1
rt,hamdanmsheik,1
rt,ferencboldog,1
rt,stefanr철ck,1
rt,romangrigoriadi,1
rt,davidkral,1
rt,jussisuistomaa,1
rt,kevinyuan,1
rt,pascalfilion,1
rt,lukasjungmann,1
rt,ericwli,1
rt,gianmariaromanato,1
rt,davestevenson,1
rt,bogdangheorghe,1
rt,vikrambhatia,1
rt,nickedgar,1
rt,michaelobrien,1
rt,erxiangliu,1
rt,andreasfischbach,1
rt,mikenorman,1
rt,sravankumarlakkimsetti,1
rt,jamessugrue,1
rt,tobiasoberlies,1
rt,kristenbalhoff,1
rt,ianbull,1
rt,kevinbarnes,1
rt,fredericphilippe,1
rt,markuskeller,1
rt,ivanchurkin,1
rt,olegbesedin,1
rt,peternehrer,1
rt,shirleyboulay,1
rt,andriyzhdanov,1
rt,willdazey,1
rt,francescoguidieri,1
rt,rolandfru,1
rt,mickaelistria,1
rt,andreasweber,1
rt,christophschwering,1
rt,samrauch,1
rt,michaelcheng,1
rt,gunnarwagenknecht,1
rt,milesparker,1
rt,erkkilindpere,1
rt,davidweiser,1
rt,andreassewe,1
rt,wimjongman,1
rt,dmitrykornilov,1
rt,gulonural,1
rt,davidmccann,1
rt,austinriddle,1
rt,danielleberre,1
rt,jenniferfogell,1
rt,troybishop,1
rt,urielliu,1
rt,danielstucky,1
rt,ulfcaspers,1
rt,moritzpost,1
rt,andreiilitchev,1
rt,pierrehenryperret,1
rt,jordandukadinov,1
rt,elenalaskavaia,1
rt,konradkolosowski,1
rt,allankaufmann,1
rt,yuriylopotun,1
rt,nickscavelli,1
rt,tomware,1
rt,andreyloskutov,1
rt,alexblewitt,1
rt,julienviet,1
rt,blaisedoughan,1
rt,jimgajnak,1
rt,marcelomayworm,1
rt,pavlindobrev,1
rt,mengxinzhu,1
rt,sabineachilles,1
rt,shaunsmith,1
rt,abnerballardo,1
rt,petrumotrescu,1
rt,erichsu,1
rt,johnross,1
rt,sofyazhbankova,1
rt,jenskuebler,1
rt,willianmitsuda,1
rt,andrewniefer,1
rt,thomasschindl,1
rt,davidminsky,1
rt,andrewcattle,1
rt,jacekpospychala,1
rt,hristoiliev,1
rt,stoyanboshev,1
rt,ricksapir,1
rt,mika챘lbarbero,1
rt,thomasmenzel,1
rt,davidgreen,1
rt,noopurgupta,1
rt,danieldlsu,1
rt,raymondauge,1
rt,lesliedavis,1
rt,anthonydahanne,1
rt,ericwilliams,1
rt,gregwilkins,1
rt,pradeepbalachandran,1
rt,ericgwin,1
rt,joegrassel,1
rt,simonebordet,1
rt,igornovakovic,1
rt,davidjencks,1
rt,kengilmer,1
rt,prabavijayaratnam,1
rt,iaroslavsavytskyi,1
rt,boliu,1
rt,huguesmalphettes,1
rt,stevefrancisco,1
rt,oliviergruber,1
rt,sambratton,1
rt,dougschaefer,1
rt,timfox,1
rt,johnbracken,1
rt,michaelkeith,1
rt,adriangoerler,1
rt,larsvogel,1
rt,eliasvolanakis,1
rt,lizarekadze,1
rt,edwintang,1
rt,ondrejcerny,1
rt,markrogalski,1
rt,ralfsternberg,1
rt,pamtobias,1
rt,sopotcela,1
rt,bjornfreemanbenson,1
rt,daliaabosheasha,1
rt,bjhargrave,1
rt,cagataycalli,1
rt,sebastianvoigt,1
rt,ralfrausch,1
rt,johnclingan,1
rt,alexandereliseyev,1
rt,yipingzhao,1
rt,mariuscimpean,1
rt,timbuschtoens,1
rt,mustafak.isik,1
rt,dorianbirsan,1
rt,karicemcintyre,1
rt,szymonptaszkiewicz,1
rt,rickbarkhouse,1
rt,jlm,1
rt,philippekrief,1
rt,jiunyanghsu,1
rt,athenayao,1
rt,mykolanikishov,1
rt,markuskuppe,1
rt,petrossplinakis,1
rt,timmok,1
rt,soniadimitrov,1
rt,tomaskraus,1
rt,denisesmith,1
rt,vikaschandra,1
rt,ivanfurnadjiev,1
rt,leodossantos,1
rt,katyastoycheva,1
rt,krzysztofdaniel,1
rt,joakimerdfelt,1
rt,julianchen,1
rt,yuyou,1
rt,himanshumarathe,1
rt,miroslavkos,1
rt,wassimmelhem,1
rt,kenwalker,1
rt,stephanleichtvogt,1
rt,henriklindberg,1
rt,mattward,1
rt,thomashallgren,1
rt,thorstenschenkel,1
rt,lynnekues,1
rt,michaelgorovoy,1
rt,isuruudana,1
rt,sergeyprigogin,1
rt,kimmoir,1
rt,christiangeorgi,1
rt,gordonyorke,1
rt,testharness,1
rt,arunthondapu,1
rt,neilhauge,1
rt,prashantdeva,1
rt,samlo,1
rt,borislavkapukaranov,1
rt,dmitryhazin,1
rt,markusknauer,1
rt,matthewpiggott,1
rt,vincenzocaselli,1
rt,kylechen,1
rt,patricktasse,1
rt,stefanxenos,1
rt,pojenhsiao,1
rt,simonkaegi,1
rt,jans.rellermeyer,1
rt,daviddubrow,1
rt,dmitrysklyut,1
rt,andreasschank,1
rt,bengelernter,1
rt,davidboxer,1
rt,michaelbreidenband,1
rt,normanmaurer,1
rt,guypelletier,1
rt,carstendrossel,1
rt,tedkubaska,1
rt,djhoughton,1
rt,dougclarke,1
rt,kimhorne,1
rt,michaeladada,1
rt,ralfzahn,1
rt,jedanderson,1
rt,ruibinzhou,1
rt,danailnachev,1
rt,marcelvalovy,1
rt,thomasbecker,1
rt,chrisdelahunt,1
modeling,christianw.damus,6
modeling,anthonyhunter,4
modeling,peterfriese,4
modeling,davesteinberg,4
modeling,philiplanger,4
modeling,neilskrypuch,4
modeling,edmerks,4
modeling,dennishuebner,4
modeling,berndkolb,4
modeling,adolfosanchezbarbudoherrera,3
modeling,patricktessier,3
modeling,stephanebegaudeau,3
modeling,karstenthoms,3
modeling,vishyramaswamy,3
modeling,kennhussey,3
modeling,svenefftinge,3
modeling,stefandirix,3
modeling,cedricbrun,3
modeling,patrickschonbach,3
modeling,maximiliankoegel,3
modeling,chrismcgee,3
modeling,elenalitani,2
modeling,horaciohoyos,2
modeling,sebastianzarnekow,2
modeling,sergeyboyko,2
modeling,michaelvorburger,2
modeling,melaniebats,2
modeling,eugenneufeld,2
modeling,lucaskoehler,2
modeling,stephaneberle,2
modeling,marcelopaternostro,2
modeling,alexandrabuzila,2
modeling,florianpirchner,2
modeling,stephanebouchet,2
modeling,johannesfaltermeier,2
modeling,richardgronback,2
modeling,jankoehnlein,2
modeling,simondelisle,2
modeling,laurentgoubet,2
modeling,franziskahaunolder,2
modeling,axelrichard,2
modeling,joelcheuoua,2
modeling,gregoiredupe,2
modeling,alexlagarde,2
modeling,mathiasschaefer,2
modeling,alexanderigdalov,2
modeling,ottovonwesendonk,2
modeling,christianvogt,2
modeling,maxhohenegger,2
modeling,edgarmueller,2
modeling,radomildvorak,2
modeling,markbroerkens,2
modeling,pierrecharlesdavid,2
modeling,nicolasbros,2
modeling,estebandugueperoux,2
modeling,maxfeldman,2
modeling,vincentlorenzo,2
modeling,heikobehrens,2
modeling,jonashelming,2
modeling,fabiengiquel,2
modeling,smaouiasma,1
modeling,tristanfaure,1
modeling,lukasl.,1
modeling,husseinmhanna,1
modeling,cedricdumoulin,1
modeling,maximeporhel,1
modeling,christophebouhier,1
modeling,caspard.,1
modeling,davidakehurst,1
modeling,abelhegedus,1
modeling,alexshatalin,1
modeling,quentinlemenez,1
modeling,juliendupont,1
modeling,alexisfouch챕,1
modeling,magedelaasar,1
modeling,sebastiengabel,1
modeling,floriannoyrit,1
modeling,hugobruneliere,1
modeling,christophergerking,1
modeling,tamasszabo,1
modeling,karlmatthias,1
modeling,yuema,1
modeling,simonmcduff,1
modeling,mathildearnaud,1
modeling,lindadamus,1
modeling,celinejanssens,1
modeling,zardoshthodaie,1
modeling,tatianafesenko,1
modeling,tanjamayerhofer,1
modeling,aminelajmi,1
modeling,davidservat,1
modeling,felixvelasco,1
modeling,emilienperico,1
modeling,holgerschill,1
modeling,jessymallet,1
modeling,timkaiser,1
modeling,christiandietrich,1
modeling,sandroboehme,1
modeling,andreasgraf,1
modeling,vincenth챕mery,1
modeling,annehaugommard,1
modeling,matthiasgorning,1
modeling,mahmoudhussein,1
modeling,sauravsarkar,1
modeling,camilleletavernier,1
modeling,axeluhl,1
modeling,michaelborkowski,1
modeling,ondergurcan,1
modeling,sebastienrevol,1
modeling,danielyeaw,1
modeling,juergenhaug,1
modeling,shuaili,1
modeling,nathalielepine,1
modeling,stefanwinkler,1
modeling,mickaellanoe,1
modeling,s.davidlall,1
modeling,hendrikbuender,1
modeling,dummyinox,1
modeling,thanhliemphan,1
modeling,svyatoslavkovalsky,1
modeling,aliakar,1
modeling,peternehrer,1
modeling,michaelgolubev,1
modeling,neilmackenzie,1
modeling,hugomarchadour,1
modeling,tamasborbas,1
modeling,egidijusvaisnora,1
modeling,denisroy,1
modeling,manuelbork,1
modeling,goulwenlefur,1
modeling,jamesbruck,1
modeling,clemenskadura,1
modeling,milesparker,1
modeling,patriksuzzi,1
modeling,michalruzicka,1
modeling,lucasgabillard,1
modeling,andrasszabolcsnagy,1
modeling,yannickdidierjean,1
modeling,lukasladenberger,1
modeling,bryanhunt,1
modeling,mauricioalferez,1
modeling,christianbrand,1
modeling,cedricnotot,1
modeling,paulhoser,1
modeling,andreaswerner,1
modeling,jaafarbouayad,1
modeling,chokrimraidha,1
modeling,franzbecker,1
modeling,fr챕d챕ricjouault,1
modeling,istvanrath,1
modeling,saidsalem,1
modeling,jonasruttimann,1
modeling,herveesteguet,1
modeling,paulelder,1
modeling,laurentdelaigue,1
modeling,belqassimdjafer,1
modeling,brunomarques,1
modeling,gabrielmerincubero,1
modeling,marcandr챕laperle,1
modeling,thomasdaniellou,1
modeling,andreyloskutov,1
modeling,balazsgrill,1
modeling,yanntanguy,1
modeling,mickaeladam,1
modeling,benjamingrouhan,1
modeling,tobiasverhoeven,1
modeling,mirospoenemann,1
modeling,shaunsmith,1
modeling,florianbarbin,1
modeling,alexeyshatilov,1
modeling,andr찼s횜kr철s,1
modeling,fanchbonnabesse,1
modeling,ursfrei,1
modeling,patriknandorf,1
modeling,hasanceylan,1
modeling,bernhardstadler,1
modeling,alonpeled,1
modeling,dimitriskolovos,1
modeling,lorenzobettini,1
modeling,ansgarradermacher,1
modeling,rohitagrawal,1
modeling,laurentredor,1
modeling,derektoolan,1
modeling,thomasschindl,1
modeling,michaelclay,1
modeling,danielsegesdi,1
modeling,mika챘lbarbero,1
modeling,saadiadhouib,1
modeling,peterlunk,1
modeling,franciscojaviercano,1
modeling,gabrielpascual,1
modeling,yvanlussaud,1
modeling,juancadavid,1
modeling,gabrielbarbier,1
modeling,daohoang,1
modeling,knutwannheden,1
modeling,mariowinterer,1
modeling,doney,1
modeling,michaeljastram,1
modeling,zoltanujhelyi,1
modeling,francoislefevre,1
modeling,eyrakpaen,1
modeling,denesharmath,1
modeling,thomasjung,1
modeling,louisrose,1
modeling,camthule,1
modeling,conoromahony,1
modeling,erwindeley,1
modeling,jonathanmusset,1
modeling,ingoweigelt,1
modeling,edwillink,1
modeling,nicolasfauvergue,1
modeling,thibaultlandr챕,1
modeling,arnaudcuccuru,1
modeling,pierreguilet,1
modeling,christiank.,1
modeling,phoenix.ui,1
modeling,antonkosyakov,1
modeling,andr챕arnold,1
modeling,davidsciamma,1
modeling,benoitmaggi,1
modeling,dariusjockel,1
modeling,idrissadieng,1
modeling,youngsooroh,1
modeling,mathieuvelten,1
modeling,g챕rydeloge,1
modeling,pascallehmann,1
modeling,damienthivolle,1
modeling,vikaschandra,1
modeling,amineelkouhen,1
modeling,ibrahimsallam,1
modeling,borisgruschko,1
modeling,stevemonnier,1
modeling,anatoliytischenko,1
modeling,reinholdbihler,1
modeling,thomashallgren,1
modeling,syedatif,1
modeling,laurentwouters,1
modeling,aleksandarshterev,1
modeling,jeremietatibouet,1
modeling,frankbudinsky,1
modeling,alainleguennec,1
modeling,nicolasguyomar,1
modeling,klaasgadeyne,1
modeling,csabadebreceni,1
modeling,remischnekenburger,1
modeling,thibaultleouay,1
modeling,thomasschuetz,1
modeling,markusknauer,1
modeling,hajoeichler,1
modeling,torkildresheim,1
modeling,gaborbergmann,1
modeling,istvandavid,1
modeling,boutheinabannour,1
modeling,jeromebenois,1
modeling,davidsotosetzke,1
modeling,michaelwenz,1
modeling,trungtrucnguyen,1
modeling,andredietisheim,1
modeling,achimdemelt,1
modeling,yvesyang,1
modeling,jayantgupta,1
modeling,miguelgarcia,1
modeling,davidcummings,1
modeling,paulinedeville,1
modeling,antoniogarciadominguez,1
modeling,leizhang,1
modeling,akoshorvath,1
modeling,laurentfasani,1
modeling,sebastiengerard,1
soa,oliverkopp,1
soa,mauropoggianella,1
soa,zachmccain,1
soa,shrikantgangal,1
soa,paragfulfagar,1
soa,ivobek,1
soa,christiansaad,1
soa,yoannrodiere,1
soa,svenrottstock,1
soa,andrewyonce,1
soa,subodhgodbole,1
soa,flaviodonze,1
soa,marekbaluch,1
soa,ralphsoika,1
soa,garybrown,1
soa,holgerprause,1
soa,marcdutoo,1
soa,christianseitz,1
soa,mickaelistria,1
soa,monikafunke,1
soa,guillaumedecarnin,1
soa,carolinerieseler,1
soa,thomaswolfram,1
soa,simoneseurer,1
soa,randeepsingh,1
soa,antjefuhrmann,1
soa,annetteheym,1
soa,stephanborn,1
soa,rolandstamm,1
soa,florianlautenbacher,1
soa,rahuldave,1
soa,tsurdilosurdilovic,1
soa,madhubalavanam,1
soa,anoopnair,1
webtools,bradleychilds,1
webtools,scottkellicker,1
webtools,carlanderson,1
webtools,kokelaast,1
webtools,stephanebegaudeau,1
webtools,michaelrennie,1
webtools,musa,1
webtools,shanebryzak,1
webtools,jasonpeterson,1
webtools,ilyabuziuk,1
webtools,davidwilliams,1
webtools,mickaelistria,1
webtools,jacekpospychala,1
webtools,nitindahyabhai,1
webtools,dimitargiormov,1
webtools,estebandugueperoux,1
webtools,kaloyanraev,1
webtools,victorrubezhny,1
webtools,holgerstaudacher,1
webtools,nacidai,1
webtools,milesparker,1
webtools,patriksuzzi,1
webtools,wst.javascripttriaged,1
webtools,wst.javascript,1
webtools,gorkemercan,1
webtools,jorgepadilla,1
webtools,grantgayed,1
webtools,chrisjaun,1
webtools,orlandorincon,1
webtools,jonahgraham,1
webtools,richardkure큄,1
webtools,ginobustelo,1
webtools,dimostoilov,1
webtools,muratyener,1
webtools,angelozerr,1
webtools,samuelwu,1
webtools,simonkaegi,1
webtools,alexandersilgidjian,1
webtools,philberkland,1
webtools,stephenpride,1
webtools,dawidpakula,1
webtools,angelmisevski,1
webtools,hanneserven,1
webtools,chuckbridgham,1
webtools,eugeneostroukhov,1
webtools,iantewksbury,1
webtools,nicksandonato,1
webtools,kevintapperson,1
webtools,eugenemelekhov,1
webtools,royganor,1
webtools,danlee,1
webtools,stefandimov,1
birt,rico,1
birt,judazhang,1
birt,roshanail,1
birt,haijiatong,1
birt,jingwenshen,1
birt,suelee,1
birt,junouyang,1
birt,yuchen,1
birt,yuejiechen,1
birt,jiayingliu,1
birt,tianlizhang,1
birt,lifengli,1
birt,bengamble,1
birt,weizhao(shang),1
birt,wenbinhe,1
birt,xinzhao,1
birt,jerrycheng,1
birt,tianminhuang,1
birt,qingweisong,1
birt,aniruddhashevade,1
birt,kenny.mo(jiezhong.mo),1
birt,vikram,1
birt,janetatchell,1
birt,sanyongliu,1
birt,wanbinouyang,1
birt,zhongboli,1
birt,yinhuang,1
birt,kaishen,1
birt,rimakanguri,1
birt,yiwang,1
birt,liwenchen,1
birt,stanleywang,1
birt,xiaoyinggu,1
birt,liangyu,1
birt,yuanyi,1
birt,hongchanglin,1
birt,lindachan,1
birt,chenchao,1
birt,qiliang,1
birt,wangqiangsheng,1
birt,weiyan,1
birt,zhenzhongfei,1
birt,chaimianrui,1
birt,wenlin,1
birt,ysun,1
birt,sissizhu,1
birt,xiaofengzhang,1
birt,bobwang,1
birt,mingxiawu,1
birt,mindanxu,1
birt,davidmichonneau,1
birt,binfeng,1
birt,hankchristensen,1
birt,rockyu,1
birt,huirongwong,1
birt,pshi,1
birt,jianzhou,1
birt,vincentpetry,1
birt,baoliangliu,1
birt,yongjiang,1
birt,maggieshen,1
birt,milindpadhye,1
birt,ruoyin,1
birt,xiaodanwang,1
birt,xiaolanli,1
birt,xingjiehe,1
birt,shijiezhang,1
birt,jluo,1
birt,yasuodoshiro,1
birt,dazhenggao,1
birt,haojunchu,1
birt,max,1
birt,krishnavenkatraman,1
birt,xingshengzhu,1
birt,ivyli,1
birt,zhiqiangqian,1
birt,taochen,1
birt,hengli,1
birt,helai,1
birt,yulinwang,1
birt,bozierjerome,1
birt,andrewzhu,1
birt,wuyu,1
birt,yaohuama,1
birt,cdeadministration,1
birt,ianliu,1
birt,jandorbian,1
birt,xiangli,1
birt,kelvinchu,1
birt,shashahu,1
birt,garykarasiuk,1
birt,hongxiawang,1
birt,linakemmel,1
birt,wenfengli,1
birt,scottrosenbaum,1
birt,boonboonchanchoke,1
birt,frankzhang,1
birt,petterivmark,1
birt,jiachunqiu,1
birt,yaytay,1
birt,xiaoxiaowu,1
birt,mikeboyersmith,1
birt,paulrogers,1
birt,fcai,1
birt,gangliu,1
birt,wenjietu,1
birt,ricklu,1
birt,zhanglei,1
birt,jianmei,1
birt,ninali,1
birt,carlthronson,1
birt,ivanzhu,1
birt,paulclenahan,1
birt,fangxu,1
birt,sheldonleeloy,1
birt,aashimagoel,1
birt,ningzhang,1
birt,weiyu,1
birt,jianchaoli,1
birt,bangnguyen,1
birt,garygong,1
birt,shihengguan,1
birt,yuxuandai,1
birt,garyxue,1
birt,yueqianwang,1
birt,hongchen,1
birt,xuelanli,1
birt,jasonweathersby,1
birt,xiaokunyi,1
birt,linzhu,1
birt,junzhai,1
birt,kitlo,1
birt,linbaocheng,1
birt,xusongyuan,1
birt,weiwang,1
birt,pengchengbian,1
ecd,maxli,1
ecd,kenfinnigan,1
ecd,edytaprzymus,1
ecd,jenniferwiner,1
ecd,michaelochmann,1
ecd,tomaszzarna,1
ecd,matthiassohn,1
ecd,xinchen,1
ecd,nedelchodelchev,1
ecd,andrewclement,1
ecd,jeffersonlam,1
ecd,kaitlinhuben,1
ecd,krisdevolder,1
ecd,stephenjahns,1
ecd,theatian,1
ecd,xinyijiang,1
ecd,naynajain,1
ecd,andrewniefer,1
ecd,maciejbendkowski,1
ecd,chaozhang,1
ecd,alvinlee,1
ecd,alianaguib,1
ecd,michaelrennie,1
ecd,filipmadej,1
ecd,kenwalker,1
ecd,sarahhong,1
ecd,richardsong,1
ecd,dimitargiormov,1
ecd,manusridharan,1
ecd,lefioannidis,1
ecd,xintongwang,1
ecd,carolynmacleod,1
ecd,ericmoffatt,1
ecd,hongyuli,1
ecd,gabrielluong,1
ecd,dmitryshindyalov,1
ecd,brandondalesandro,1
ecd,meivernthen,1
ecd,grantgayed,1
ecd,andreweisenberg,1
ecd,jonathanbalsano,1
ecd,felipeheidrich,1
ecd,michaelchoi,1
ecd,yossibalan,1
ecd,hermanbadwal,1
ecd,remysuen,1
ecd,antonmcconville,1
ecd,aidanredpath,1
ecd,mikepawlowski,1
ecd,malgorzatajanczarska,1
ecd,umarbolatov,1
ecd,elijahelhaddad,1
ecd,georgipavlov,1
ecd,chrisconley,1
ecd,jasmeetsingh,1
ecd,jennyhan,1
ecd,anthonyhunter,1
ecd,mihaisucan,1
ecd,simonkaegi,1
ecd,kenkumagai,1
ecd,muhammadmousa,1
ecd,libingwang,1
ecd,lakshmishanmugam,1
ecd,erwinmargewitsch,1
ecd,hongyingzhang,1
ecd,jimfan,1
ecd,tonylee,1
ecd,adrianaichner,1
ecd,troytao,1
ecd,caseyflynn,1
ecd,sharoncorbett,1
ecd,wojciechsudol,1
ecd,simonmeng,1
ecd,yordanpavlov,1
ecd,insoochoo,1
ecd,bogdangheorghe,1
ecd,stefanlay,1
ecd,maxvohlken,1
ecd,markmacdonald,1
ecd,chenyukevinleong,1
ecd,borisbokowski,1
ecd,edwardgao,1
ecd,szymonbrandys,1
ecd,paulwebster,1
ecd,joshuawilson,1
technology,andreassewe,5
technology,mickaelistria,4
technology,gunnarwagenknecht,4
technology,igorfedorenko,4
technology,denisroy,3
technology,thomashallgren,3
technology,johannesdorn,3
technology,marcelbruch,3
technology,andreyloskutov,3
technology,tomaszzarna,3
technology,zoltanruzman,2
technology,danielhaftstein,2
technology,waynebeaton,2
technology,mathiaskinzler,2
technology,bernardleach,2
technology,donalddunne,2
technology,robinrosenberg,2
technology,chrisaniszczyk,2
technology,stefanlay,2
technology,domjansansovic,2
technology,benjaminmuskalla,2
technology,thomasschindl,2
technology,zebfordreitz,2
technology,adriangoerler,2
technology,larsvogel,2
technology,robinstocker,2
technology,patrickgottschaemmer,2
technology,steffenpingel,2
technology,maxhohenegger,2
technology,stefandirix,2
technology,yasseraziza,2
technology,andreyplatov,2
technology,gregamerson,2
technology,christianpontesegger,2
technology,markustiede,2
technology,davidwilliams,2
technology,shawnpearce,2
technology,thanhha,2
technology,nathangervais,2
technology,ketanpadegaonkar,2
technology,philippthun,2
technology,simonlaffoy,2
technology,christianhalstrick,2
technology,marcandr챕laperle,2
technology,olavlenz,2
technology,matthiassohn,2
technology,christopherguindon,2
technology,sasazivkov,2
technology,stefanprisca,2
technology,dariuszluksza,2
technology,andreashoegger,2
technology,johanneslerch,2
technology,thomaswolf,2
technology,royganor,2
technology,cedricbrun,2
technology,achimloerke,2
technology,matthiaszimmermann,2
technology,konstantinkomissarchik,2
technology,stephanleichtvogt,2
technology,michaelspector,2
technology,kevinsawicki,2
technology,jimruehlin,2
technology,brianschlosser,1
technology,s.cook,1
technology,waltervorhees,1
technology,stevespeicher,1
technology,angelavila,1
technology,matthiassteigenberger,1
technology,samueleiben,1
technology,retoaschwanden,1
technology,abhishekbhatnagar,1
technology,remoarpagaus,1
technology,kaiwu,1
technology,winstonprakash,1
technology,timeck,1
technology,mike,1
technology,matthiasfischer,1
technology,hansschwaebli,1
technology,vaclavkadlcik,1
technology,scottgary,1
technology,minggu,1
technology,sebastianstruckmann,1
technology,karolwilk,1
technology,simonvanderzanden,1
technology,royvarghese,1
technology,phanikommareddy,1
technology,satoruyoshida,1
technology,ravibellamkonda,1
technology,celsosaad,1
technology,jeffphillips,1
technology,anapereira,1
technology,kavithateegala,1
technology,paultatavu,1
technology,stefanhenss,1
technology,hallvardtraetteberg,1
technology,carstenpfeiffer,1
technology,christianekholm,1
technology,brandondong,1
technology,olivergoetz,1
technology,fabianarocha,1
technology,aitor,1
technology,elenanayashkova,1
technology,alexpanchenko,1
technology,lyndonwashington,1
technology,alexanderbunkowski,1
technology,davidterry,1
technology,timurachmetow,1
technology,wangfang,1
technology,angelozerr,1
technology,stevechristou,1
technology,sandipchitale,1
technology,lucienhansen,1
technology,ralphsteiner,1
technology,scottambler,1
technology,andrewfinkbeiner,1
technology,dawidpakula,1
technology,scottlewis,1
technology,sanjayjoshi,1
technology,gunjandang,1
technology,benjaminhanzelmann,1
technology,dirkfauth,1
technology,marklines,1
technology,annechristinekarpf,1
technology,stefanvogt,1
technology,bjorngustafsson,1
technology,onnovanderstraaten,1
technology,olischmid,1
technology,tobiasoberlies,1
technology,ianbull,1
technology,perkroll,1
technology,toddfredrickson,1
technology,atsushihasegawa,1
technology,markuskeller,1
technology,kohjiohsawa,1
technology,kristianwolpers,1
technology,karstenthoms,1
technology,daverusso,1
technology,rainern.,1
technology,andrewhunt,1
technology,alexandergurov,1
technology,jansievers,1
technology,erichsteiger,1
technology,deniszygann,1
technology,patriksuzzi,1
technology,janhaensli,1
technology,adrianmoser,1
technology,danielbroennimann,1
technology,stephanmerkli,1
technology,jeremiebresson,1
technology,nicolasborn,1
technology,susumufukuda,1
technology,daveorme,1
technology,ilyaivanov,1
technology,ramseyharris,1
technology,rodrigocantupolo,1
technology,samuelpadgett,1
technology,sergioderas,1
technology,shreyasprasad,1
technology,nigelwestbury,1
technology,glennburkhardt,1
technology,matthewhall,1
technology,radimhopp,1
technology,pavelpetrochenko,1
technology,alexandersilgidjian,1
technology,carstenreckord,1
technology,peterchang,1
technology,johnjanus,1
technology,steveadolph,1
technology,patrickgutorski,1
technology,antoinetoulm챕,1
technology,ilyav.seleznev,1
technology,zhenniyan,1
technology,chriskyrouac,1
technology,johancompagner,1
technology,nityaramdas,1
technology,matthiasotterbach,1
technology,leonardbroman,1
technology,marckhouzam,1
technology,harryreeder,1
technology,janbaeyens,1
technology,jxi,1
technology,johannesfaltermeier,1
technology,ketanpatel,1
technology,aitorbediaga,1
technology,larsohlen,1
technology,beatschwarzentrub,1
technology,janko탑usznik,1
technology,timwinselmann,1
technology,birgitk철rschgen,1
technology,michaelrudolf,1
technology,holgerheymanns,1
technology,joeluebker,1
technology,lorenzobettini,1
technology,phongnguyenle,1
technology,stevejerman,1
technology,jaananyfjord,1
technology,stephanebouchet,1
technology,pascalessiembre,1
technology,colin.ocsolutions,1
technology,mikhailkalugin,1
technology,richardgronback,1
technology,otmarcaduff,1
technology,karlwechsler,1
technology,pascalg챕linas,1
technology,ezequielcuellar,1
technology,ericwuillai,1
technology,marcodorfliger,1
technology,michaelschaufelbergermsa,1
technology,axelreichwein,1
technology,davidgreen,1
technology,kenclyne,1
technology,lizcarroll,1
technology,bobfoster,1
technology,jonrowlands,1
technology,michaelschmuki,1
technology,thomasschweigler,1
technology,benwilliams,1
technology,benjamincab챕,1
technology,yelizyesilada,1
technology,jinliu,1
technology,igorvinnykov,1
technology,julieryder,1
technology,briandealwis,1
technology,simongerber,1
technology,brucemacisaac,1
technology,tobiasbaumann,1
technology,christophthommen,1
technology,matthewgerring,1
technology,eliasvolanakis,1
technology,markr철sler,1
technology,danielfigueiredocaetano,1
technology,chrisring,1
technology,davidmiller,1
technology,ryanbrooks,1
technology,moritzbeller,1
technology,ricardobalduino,1
technology,andyjury,1
technology,marcodescher,1
technology,yuristrot,1
technology,mikaelkarlsson,1
technology,christiand철bele,1
technology,jimamsden,1
technology,dougwightman,1
technology,melissawood,1
technology,krzysztofdaniel,1
technology,rebeccanitezki,1
technology,bahaelkassaby,1
technology,samuelrenold,1
technology,pierrecharlesdavid,1
technology,danielschmid,1
technology,andreisobolev,1
technology,alb,1
technology,andriiberezovskyi,1
technology,georgeyoung,1
technology,janput,1
technology,weipinglu,1
technology,jeanfrancoisrolland,1
technology,christiantrutz,1
technology,sandroblum,1
technology,joelcayne,1
technology,jeffsmith,1
technology,dennishuebner,1
technology,markusknauer,1
technology,matthewpiggott,1
technology,torkildresheim,1
technology,charlieyan,1
technology,patricktasse,1
technology,fabionegrello,1
technology,paulgingrich,1
technology,bingxuexu,1
technology,torisantonil,1
technology,ursbeeli,1
technology,joachimengelhardt,1
technology,markusduft,1
technology,vladimirbelov,1
technology,sashaslijepcevic,1
technology,yvesyang,1
technology,christophstrickler,1
technology,hopesharedlee,1
technology,alexandraschladebeck,1
technology,maxvohlken,1
technology,fabiozadrozny,1
technology,danielwiehl,1
technology,rastislavwagner,1
technology,paulheiniz,1
technology,paulomoreira,1
technology,pawelnowak,1
technology,michihausheer,1
technology,barustr.,1
technology,huxiangdong,1
technology,henningheitkoetter,1
technology,janoveweichel,1
technology,sebastianhelman,1
technology,chuckbridgham,1
technology,raimarb체hmann,1
technology,markjoy,1
technology,kisstam찼s,1
technology,matthiasnick,1
technology,lokanathjagga,1
technology,kentaroufukuda,1
technology,jeremydowdall,1
technology,wilmawang,1
technology,anamitrabhattacharyya,1
technology,jonathanhuang,1
technology,jonashelming,1
technology,shashidharkannoori,1
technology,leonardomedeiros,1
technology,wolfgang철lfel,1
technology,jochenkrebs,1
technology,jadelkhoury,1
technology,xiaodanxia,1
technology,jaegangemi,1
technology,seankennedy,1
technology,bernhardwedl,1
technology,petercentgraf,1
technology,tobiaspfeifer,1
technology,ryanschmitt,1
technology,amitmookerjee,1
technology,felixziesel,1
technology,phpui,1
technology,chrisgross,1
technology,christophcaks,1
technology,daisukesato,1
technology,snjezanapeco,1
technology,emilcrumhorn,1
technology,franciscohoyos,1
technology,erikbauer,1
technology,brunokoeferli,1
technology,giovannij,1
technology,simonbuehlmann,1
technology,christophschwank,1
technology,annford,1
technology,subhajitbhuiya,1
technology,duncankeysell,1
technology,samfaktorovich,1
technology,nobodyfeelfreetotakeit,1
technology,christophbr채unlich,1
technology,torstentrompler,1
technology,rolandgrunberg,1
technology,danieljohnson,1
technology,jordiboehmelopez,1
technology,remysuen,1
technology,kelvinlow,1
technology,johneblen,1
technology,petermoogk,1
technology,michaelfiedler,1
technology,olivierberger,1
technology,laurentgoujon,1
technology,andrewmaselli,1
technology,paulwaldfogel,1
technology,andreasscharf,1
technology,mirkopaturzo,1
technology,swapnamisingname,1
technology,nilsisrael,1
technology,paulohenriqueleal,1
technology,andreasrichter,1
technology,marcsteffens,1
technology,chrissibbald,1
technology,fredericgurr,1
technology,mattfischer,1
technology,davidphillips,1
technology,gabeobrien,1
technology,filiphrbek,1
technology,matbooth,1
technology,elenapister,1
technology,philippejacot,1
technology,marionwenger,1
technology,judah,1
technology,jonathannieder,1
technology,bobfrankel,1
technology,dennisgeesen,1
technology,sallyhehir,1
technology,ivanmotsch,1
technology,sujeetmishra,1
technology,alandemars,1
technology,ericcloninger,1
technology,davidfriedland,1
technology,judithgull,1
technology,markrussell,1
technology,andrelohrenz,1
technology,katrinhofmann,1
technology,chrismccormick,1
technology,torstensommer,1
technology,rafaelkarst,1
technology,alexejstrelzow,1
technology,stephaneberle,1
technology,valentinyerastov,1
technology,jeffhardy,1
technology,sebastianproksch,1
technology,antontanasenko,1
technology,yasettacurana,1
technology,shilpatoraskar,1
technology,aparnaargade,1
technology,annhannemann,1
technology,wimjongman,1
technology,hannesmueller,1
technology,jiangxuan,1
technology,danaspears,1
technology,ericdillon,1
technology,marcelschneider,1
technology,fernandosilva,1
technology,ernestmah,1
technology,michalruzicka,1
technology,shunguoyan,1
technology,adriansacchi,1
technology,peterschulz,1
technology,sandroschifferle,1
technology,xihuichen,1
technology,vikramadiga,1
technology,timurshipilov,1
technology,benjaminroehl,1
technology,patrickb채nziger,1
technology,ren챕eigenheer,1
technology,alexeigoncharov,1
technology,markusbohr,1
technology,danpopescu,1
technology,akifetkue,1
technology,isaacarvestad,1
technology,jonblake,1
technology,peterhaumer,1
technology,makennafish,1
technology,ianskerrett,1
technology,christophbrill,1
technology,ahmedmahran,1
technology,jasmadhur,1
technology,crossprojectissues,1
technology,bj철rnebner,1
technology,bethtibbitts,1
technology,kitlo,1
technology,navidmehregani,1
technology,paulwebster,1
technology,nateoster,1
technology,linghao,1
technology,marvinmueller,1
technology,srinidhinarayan,1
technology,linzhu,1
technology,vincentphan,1
technology,paulslauenwhite,1
technology,alonpeled,1
technology,wallacexumisingname,1
technology,manueldoninger,1
technology,alexchen,1
technology,a.del.,1
technology,zsoltbeothyelo,1
technology,fredbricon,1
technology,markrichardbrown,1
technology,antonsalnik,1
technology,aurelienpupier,1
technology,richardcraddock,1
technology,laurentgoubet,1
technology,hirotakamatsumoto,1
technology,alexschroeder,1
technology,duncanmills,1
technology,dmitryplatonoff,1
technology,tobiasschlatter,1
technology,jacekpospychala,1
technology,stathisalexopoulos,1
technology,masakiwakao,1
technology,chrisdoyle,1
technology,marcelhein,1
technology,theronvirgin,1
technology,xiaoyinggu,1
technology,mika챘lbarbero,1
technology,stephanherrmann,1
technology,shenxuezhou,1
technology,ericclayberg,1
technology,johnworrell,1
technology,huguesmalphettes,1
technology,benjaminbentmann,1
technology,maissmaallsmyssmaulhsvvuillss,1
technology,dougschaefer,1
technology,danieltolgyesi,1
technology,kenlee,1
technology,richardbone,1
technology,chrisarmstrong,1
technology,karstenpanier,1
technology,megumitelles,1
technology,gabrielruelas,1
technology,kimwerner,1
technology,josephcusano,1
technology,phoenix.ui,1
technology,thomassiegrist,1
technology,anotineano,1
technology,markdickson,1
technology,benhaith,1
technology,mykolanikishov,1
technology,christianw.damus,1
technology,fran챌oisrey,1
technology,paulmcmahan,1
technology,erdalkaraca,1
technology,raymondjansen,1
technology,andreashermann,1
technology,kathy,1
technology,dougsh,1
technology,alexclayton,1
technology,givanildodantasalves,1
technology,thomasehrnhoefer,1
technology,naveenabereny,1
technology,ashwinjha,1
technology,miloskleint,1
technology,janphilippwiegmann,1
technology,nicolasricheton,1
technology,dominikneumann,1
technology,stevepitschke,1
technology,igorburilo,1
technology,mariohofmann,1
technology,christianbraun,1
technology,claudioguglielmo,1
technology,nacidai,1
technology,seranocolameo,1
technology,florianwidmer,1
technology,ashishkapania,1
technology,nathanburgherr,1
technology,simonscholz,1
technology,sumyjoseph,1
technology,volkerhotzan,1
technology,matthiashunecker,1
technology,kristinejetzke,1
technology,wangjun,1
technology,belabara,1
technology,sergeyprigogin,1
technology,adrianstaudt,1
technology,jonahgraham,1
technology,jimstrawn,1
technology,jaotham,1
technology,andrewegmueller,1
technology,johnmisinco,1
technology,dmitriykovalev,1
technology,yuhongyin,1
technology,stevej체rges,1
technology,kevinbarbe,1
technology,jasonvanzyl,1
technology,wagnerjunior,1
technology,andibur,1
technology,jamesthario,1
technology,tomaszkleszczynski,1
technology,karelbrezina,1
technology,matthiasnowak,1
mylyn,steveelsemore,1
mylyn,helenbershadskaya,1
mylyn,balazsbrinkus,1
mylyn,greggibeling,1
mylyn,hasanceylan,1
mylyn,frankbecker,1
mylyn,tomaszzarna,1
mylyn,benjaminmuskalla,1
mylyn,redsolo,1
mylyn,mattchapman,1
mylyn,mikkersten,1
mylyn,willianmitsuda,1
mylyn,chriscallendar,1
mylyn,lubospochman,1
mylyn,jochenhiller,1
mylyn,samdavis,1
mylyn,jacekpospychala,1
mylyn,jakubjurkiewicz,1
mylyn,mika챘lbarbero,1
mylyn,markkraljtaylor,1
mylyn,delmyers,1
mylyn,andrewoverholt,1
mylyn,davidgreen,1
mylyn,juliogesser,1
mylyn,leahfindlater,1
mylyn,alexpiggott,1
mylyn,georgelindholm,1
mylyn,jameskennedy,1
mylyn,andreweisenberg,1
mylyn,davidshepherd,1
mylyn,wangbin,1
mylyn,brandondong,1
mylyn,ketanpadegaonkar,1
mylyn,kensueda,1
mylyn,remysuen,1
mylyn,briandealwis,1
mylyn,darrentarbard,1
mylyn,dmitrystadnik,1
mylyn,jeffpound,1
mylyn,timurachmetow,1
mylyn,gailmurphy,1
mylyn,chrispoon,1
mylyn,borispruessmann,1
mylyn,randallbecker,1
mylyn,anatolytechtonik,1
mylyn,stefanlanger,1
mylyn,markphippard,1
mylyn,philippemarschall,1
mylyn,vaughanhilts,1
mylyn,bjornfreemanbenson,1
mylyn,duckysherwood,1
mylyn,matbooth,1
mylyn,juergbilleter,1
mylyn,attilasz철kr철ny철s,1
mylyn,jingwenowenou,1
mylyn,yuristrot,1
mylyn,meghan,1
mylyn,ianbull,1
mylyn,kevinbarnes,1
mylyn,leodossantos,1
mylyn,flaviodonze,1
mylyn,michaelvalenta,1
mylyn,suzannethompson,1
mylyn,steffenpingel,1
mylyn,hiroyuki,1
mylyn,thomasehrnhoefer,1
mylyn,leoufimtsev,1
mylyn,tobiaswidmer,1
mylyn,waynebeaton,1
mylyn,peterstibrany,1
mylyn,denisroy,1
mylyn,jacqueslescot,1
mylyn,benjaminpasero,1
mylyn,gunnarwagenknecht,1
mylyn,igorfedorenko,1
mylyn,milesparker,1
mylyn,colinritchie,1
mylyn,andreassewe,1
mylyn,terrydenney,1
mylyn,jacekjaroczynski,1
mylyn,johnanvik,1
mylyn,pawelniewiadomski,1
mylyn,eugenekuleshov,1
mylyn,bryanhunt,1
mylyn,shawnminto,1
mylyn,jevgeniholodkov,1
mylyn,izzetsafer,1
mylyn,felixschwarz,1
mylyn,torkildresheim,1
mylyn,wesleycoelho,1
mylyn,christiandupuis,1
mylyn,xiaoyangguan,1
mylyn,kevinsawicki,1
mylyn,josephmarques,1
mylyn,jeanmichellemieux,1
mylyn,carstenreckord,1
mylyn,peterkullmann,1
mylyn,taivoevard,1
mylyn,alexblewitt,1
mylyn,toomasromer,1
mylyn,abnerballardo,1
mylyn,chrisaniszczyk,1
mylyn,fabiozadrozny,1
mylyn,kitlo,1
mylyn,brockjaniczak,1
mylyn,kilianmatt,1
mylyn,nathanhapke,1
mylyn,subhashgopalakrishnan,1
tools,marcandr챕laperle,4
tools,dougschaefer,3
tools,jonathanwilliams,2
tools,viviankong,2
tools,mikekucera,2
tools,krisdevolder,2
tools,mikkersten,2
tools,mattchapman,2
tools,davidwilliams,2
tools,rolandgrunberg,2
tools,johneblen,2
tools,wainerdossantosmoschetta,2
tools,anthonyhunter,2
tools,antonleherbauer,2
tools,andrewclement,2
tools,karstenthoms,2
tools,marcgobeil,2
tools,marcelbruch,2
tools,berndhufmann,2
tools,elenalaskavaia,2
tools,douggaff,2
tools,jacekpospychala,2
tools,mika챘lbarbero,2
tools,helenbeeken,2
tools,larsvogel,2
tools,pawelpiech,2
tools,annadushistova,2
tools,royganor,2
tools,chrisrecoskie,2
tools,adriancolyer,2
tools,gregwatson,2
tools,georgeharley,2
tools,johnliu,2
tools,torkildresheim,2
tools,patricktasse,2
tools,markusschorn,2
tools,alexanderny횩en,2
tools,matthewwebster,2
tools,pablotorregrosapaez,1
tools,tuhongjun,1
tools,josephhenry,1
tools,sevalapsha,1
tools,enriquevarillas,1
tools,mike,1
tools,gaetanmorice,1
tools,clementchu,1
tools,zhangyi,1
tools,zhongweizhao,1
tools,karelbrezina,1
tools,shachar,1
tools,stevenr.shaw,1
tools,sianjanuary,1
tools,jakubjurkiewicz,1
tools,phpui,1
tools,jesseweinstein,1
tools,rodrigofraxinoaraujo,1
tools,andrewoverholt,1
tools,maxweninger,1
tools,sebastianzarnekow,1
tools,yossiluson,1
tools,davidmcknight,1
tools,karlmatthias,1
tools,juliendesgats,1
tools,konstantinscheglov,1
tools,olegkrasilnikov,1
tools,petergraves,1
tools,raymondqiu,1
tools,adrianskehill,1
tools,danailbranekov,1
tools,stefandaume,1
tools,nobodyfeelfreetotakeit,1
tools,craigsetera,1
tools,kenryall,1
tools,genevievebastien,1
tools,richardeames,1
tools,philippeombredanne,1
tools,ketanpadegaonkar,1
tools,steveyoung,1
tools,diegomadrugasandin,1
tools,mathieulapens챕e,1
tools,andreweisenberg,1
tools,gustavodepaula,1
tools,wli,1
tools,wernerkeil,1
tools,daviddaoust,1
tools,alexfreidin,1
tools,andreasscharf,1
tools,wojciechgalanciak,1
tools,patrickchuong,1
tools,pierrecarlson,1
tools,chiubrad,1
tools,dawidpakula,1
tools,sianwhiting,1
tools,edwinpark,1
tools,michaelscharf,1
tools,davidkelsey,1
tools,milivojelegenovic,1
tools,thomasfletcher,1
tools,filiphrbek,1
tools,alanhumphrey,1
tools,gorkemercan,1
tools,christiandietrich,1
tools,bogdangheorghe,1
tools,holgerschill,1
tools,matbooth,1
tools,nickedgar,1
tools,scottlewis,1
tools,randyrohrbach,1
tools,mohammedmostafa,1
tools,guillaumechatelet,1
tools,carstenkarbach,1
tools,judyn.green,1
tools,matthewfotzler,1
tools,dominicscharfe,1
tools,eugenetarassov,1
tools,ianbull,1
tools,andreysablin,1
tools,rickmoseley,1
tools,thomaswatson,1
tools,colinleitner,1
tools,jondearden,1
tools,markrussell,1
tools,michaelrennie,1
tools,tobiasschwarz,1
tools,dmitrykozlov,1
tools,marianomendez,1
tools,guyharpaz,1
tools,simonbernard,1
tools,petrituononen,1
tools,ashleykasza,1
tools,denisroy,1
tools,andreasweber,1
tools,jamesbruck,1
tools,adamward,1
tools,michalniewrzal,1
tools,axelmueller,1
tools,erikhilsdale,1
tools,javierpedemonte,1
tools,luziusmeisser,1
tools,gunnarwagenknecht,1
tools,dieterkrachtus,1
tools,xujiaxi,1
tools,lukasfelber,1
tools,etiennestuder,1
tools,tamasmiklossy,1
tools,mikewrighton,1
tools,mikhailsennikovsky,1
tools,victorlenet,1
tools,andrewferguson,1
tools,wimjongman,1
tools,arielgarcia,1
tools,tedwilliams,1
tools,morriskwan,1
tools,andreassewe,1
tools,abhi23,1
tools,austinriddle,1
tools,claudiaknobloch,1
tools,jkubasta,1
tools,dannyferreira,1
tools,andrewgvozdev,1
tools,danielleberre,1
tools,jasonmontojo,1
tools,ginobustelo,1
tools,teodormadan,1
tools,alexchapiro,1
tools,assafalmaz,1
tools,julianenoch,1
tools,anthonyberent,1
tools,andrewjhuff,1
tools,q.s.wang,1
tools,hugoraniere,1
tools,jimhugunin,1
tools,phpdoc,1
tools,mikhailkhodjaiants,1
tools,edenklein,1
tools,alainmagloire,1
tools,stevenr.brandt,1
tools,tommacdougall,1
tools,tonisuter,1
tools,yossileon,1
tools,quantasyquantasy,1
tools,alexandersolganik,1
tools,andreyloskutov,1
tools,alexblewitt,1
tools,thomascorbat,1
tools,balatorati,1
tools,sebastienmarineau,1
tools,marcdumais,1
tools,chrisaniszczyk,1
tools,paulogarcia,1
tools,seanevoy,1
tools,danlee,1
tools,alexboyko,1
tools,rodrigopastrana,1
tools,marckhouzam,1
tools,davidcarver,1
tools,janbaeyens,1
tools,blaisedoughan,1
tools,tomware,1
tools,nicholasloulloudes,1
tools,mirospoenemann,1
tools,alexandremontplaisir,1
tools,davidinglis,1
tools,matthiassohn,1
tools,rongli,1
tools,nealeupstone,1
tools,alonpeled,1
tools,oliverwolf,1
tools,whitneysorenson,1
tools,shalomgibly,1
tools,brendancurranjohnson,1
tools,jankoehnlein,1
tools,gadigoldbarg,1
tools,donnykurniawan,1
tools,jiejiang,1
tools,andrewniefer,1
tools,lingwang,1
tools,lukaswegmann,1
tools,fredericebelshaeuser,1
tools,simonmarchi,1
tools,matthewkhouzam,1
tools,kenneth횜lwing,1
tools,kerenstern,1
tools,tanyamarisedesousa,1
tools,itayfriedman,1
tools,sergeygrant,1
tools,bethtibbitts,1
tools,thomasschindl,1
tools,jonbeniston,1
tools,pranavgothadiya,1
tools,davidwootton,1
tools,ianmcgrath,1
tools,kaloyanraev,1
tools,davidgreen,1
tools,uwestieber,1
tools,matthiaswienand,1
tools,xiaoyinggu,1
tools,phpcore,1
tools,unknownuser,1
tools,jamesciesielski,1
tools,marcosyfrig,1
tools,philiplanger,1
tools,alvarosanchezleon,1
tools,ericclayberg,1
tools,benjamincab챕,1
tools,chriswiebe,1
tools,brentnicolle,1
tools,eduardscheske,1
tools,vincentguignot,1
tools,williamriley,1
tools,christiankrause,1
tools,mikahoikkala,1
tools,t.cunly,1
tools,alexandrevasseur,1
tools,huguesmalphettes,1
tools,donatcsikos,1
tools,rodneydowdall,1
tools,yz.jiang,1
tools,brankodrevensek,1
tools,lidijagrahek,1
tools,johannesutzig,1
tools,johndallaway,1
tools,fabiansteeg,1
tools,ehuq24,1
tools,oisinhurley,1
tools,bendalziel,1
tools,jackie,1
tools,davidmarques,1
tools,ravithejaaddepally,1
tools,leotreggiari,1
tools,matthewford,1
tools,zoltanujhelyi,1
tools,marcostornelli,1
tools,carlpuschak,1
tools,adrian,1
tools,yasserelmankabady,1
tools,fredericriss,1
tools,thierryblind,1
tools,ryanbrooks,1
tools,erwindeley,1
tools,wolfgangfrings,1
tools,phoenix.ui,1
tools,lazarkirchev,1
tools,silverzachara,1
tools,nathanridge,1
tools,ericbordeau,1
tools,chrisnavarro,1
tools,jeffturnham,1
tools,pratikshah,1
tools,christianw.damus,1
tools,stefanoehme,1
tools,rolandschulz,1
tools,cherierevells,1
tools,wyattspear,1
tools,l.frankturovich,1
tools,steffenpingel,1
tools,mohamedazab,1
tools,jeffreyoverbey,1
tools,nircohen,1
tools,iuliavasii,1
tools,markuskuppe,1
tools,michaelwoski,1
tools,samanthachan,1
tools,brunoroy,1
tools,andreweidsness,1
tools,ivanfurnadjiev,1
tools,timofeyyuvashev,1
tools,warrenpaul,1
tools,davewilliams,1
tools,danungureanu,1
tools,krzysztofdaniel,1
tools,craigerasmussen,1
tools,michalruzicka,1
tools,xavierraynaud,1
tools,edmerks,1
tools,wesisberg,1
tools,kleohapitas,1
tools,jamesblackburn,1
tools,tanyawolff,1
tools,nicolasbros,1
tools,igorburilo,1
tools,balasubramaniyank,1
tools,juliewaterhouse,1
tools,stephanleichtvogt,1
tools,williamchen,1
tools,ruiwang,1
tools,didierbrachet,1
tools,syedatif,1
tools,sarikasinha,1
tools,thomashallgren,1
tools,sergeyprigogin,1
tools,danielfelixferber,1
tools,veenukhanna,1
tools,kimmoir,1
tools,samrobb,1
tools,hodaamer,1
tools,jeremyhandcock,1
tools,yaronmazor,1
tools,henriklindberg,1
tools,barry,1
tools,simonscholz,1
tools,joelcayne,1
tools,dennishuebner,1
tools,sunildavasam,1
tools,johncamelon,1
tools,matthewbastien,1
tools,devinsteffler,1
tools,jonahgraham,1
tools,michaelspector,1
tools,stefanxenos,1
tools,kevinkinfoo,1
tools,emanuelgraf,1
tools,francoischouinard,1
tools,victormozgin,1
tools,simonkaegi,1
tools,daviddubrow,1
tools,williamswanson,1
tools,guygurfinkel,1
tools,adrianoltean,1
tools,kevinsawicki,1
tools,guybonneau,1
tools,bryanwilkinson,1
tools,jeffjohnston,1
tools,feiyiwang,1
tools,nathandebardeleben,1
tools,djhoughton,1
tools,uwethiele,1
tools,robstryker,1
tools,moshe,1
tools,marcaubry,1
tools,renanlepadellec,1
tools,alexruiz,1
tools,brianwatt,1
tools,achimdemelt,1
tools,alexandermitin,1
tools,evgenymandrikov,1
tools,borisbokowski,1
tools,jeffmcaffer,1
tools,pierrealexandremasse,1
tools,kevinhorowitz,1
eclipse,michaelrennie,4
eclipse,mickaelistria,4
eclipse,briandealwis,4
eclipse,larsvogel,4
eclipse,kimmoir,4
eclipse,paulwebster,4
eclipse,stevenspungin,4
eclipse,darinwright,3
eclipse,dejanglozic,3
eclipse,markuskeller,3
eclipse,leoufimtsev,3
eclipse,patriksuzzi,3
eclipse,fredericfusier,3
eclipse,alexblewitt,3
eclipse,kevinhaaland,3
eclipse,benjaminmuskalla,3
eclipse,olivierprouvost,3
eclipse,noopurgupta,3
eclipse,benjamincab챕,3
eclipse,kevinmcguire,3
eclipse,christiangeorgi,3
eclipse,darinswanson,3
eclipse,jonashelming,3
eclipse,kimhorne,3
eclipse,jeffmcaffer,3
eclipse,davidwilliams,3
eclipse,thanhha,3
eclipse,remysuen,3
eclipse,matbooth,3
eclipse,olegbesedin,3
eclipse,matthiasbecker,3
eclipse,wimjongman,3
eclipse,andreyloskutov,3
eclipse,tomaszzarna,3
eclipse,andrewniefer,3
eclipse,johnwiegand,3
eclipse,andreweinand,3
eclipse,stephanherrmann,3
eclipse,sopotcela,3
eclipse,dorianbirsan,3
eclipse,szymonptaszkiewicz,3
eclipse,tonymccrary,3
eclipse,edmerks,3
eclipse,wassimmelhem,3
eclipse,sarikasinha,3
eclipse,sergeyprigogin,3
eclipse,simonscholz,3
eclipse,stefanxenos,3
eclipse,djhoughton,3
eclipse,thomasm??der,2
eclipse,rorylucyshynwright,2
eclipse,borisshingarov,2
eclipse,mikkersten,2
eclipse,cheriewong,2
eclipse,michaeld.elder,2
eclipse,andr챕eproulx,2
eclipse,grantgayed,2
eclipse,carstenpfeiffer,2
eclipse,johnglassmyer,2
eclipse,janeklasockibiczysko,2
eclipse,philipemulet,2
eclipse,dirkfauth,2
eclipse,nickedgar,2
eclipse,kevinbarnes,2
eclipse,deniszygann,2
eclipse,gunnarwagenknecht,2
eclipse,jeremiebresson,2
eclipse,garybarbon,2
eclipse,adamkiezun,2
eclipse,konradkolosowski,2
eclipse,jaredburns,2
eclipse,haraldalbers,2
eclipse,mcqwilson,2
eclipse,genadyberyozkin,2
eclipse,chrisaniszczyk,2
eclipse,tillbrychcy,2
eclipse,thomasschindl,2
eclipse,pradeepbalachandran,2
eclipse,gilimendel,2
eclipse,ericmoffatt,2
eclipse,bencox,2
eclipse,karihalsted,2
eclipse,danielrolka,2
eclipse,kaiuwemaetzel,2
eclipse,deepakazad,2
eclipse,silviob철hler,2
eclipse,jeromelanneluc,2
eclipse,tillbay,2
eclipse,francisuptoniv,2
eclipse,marcodescher,2
eclipse,markuskuppe,2
eclipse,soniadimitrov,2
eclipse,krzysztofdaniel,2
eclipse,tomhofmann,2
eclipse,erichgamma,2
eclipse,tobiaswidmer,2
eclipse,joeszurszewski,2
eclipse,claudeknaus,2
eclipse,brankotripkovic,2
eclipse,aghilesabdesselam,2
eclipse,rakshavasisht,2
eclipse,christilt,2
eclipse,danailnachev,2
eclipse,borisbokowski,2
eclipse,janoveweichel,2
eclipse,satyamkandula,2
eclipse,krzysztofmichalski,2
eclipse,jakubjurkiewicz,2
eclipse,veronikairvine,2
eclipse,snjezanapeco,2
eclipse,bj철rnmichael,2
eclipse,moshewajnberg,2
eclipse,manjumathew,2
eclipse,wojciechgalanciak,2
eclipse,terryparker,2
eclipse,tomeicher,2
eclipse,philippemarschall,2
eclipse,mazenfaraj,2
eclipse,bogdangheorghe,2
eclipse,thomaswatson,2
eclipse,jimdesrivieres,2
eclipse,antontanasenko,2
eclipse,fabianpfaff,2
eclipse,marcelbruch,2
eclipse,andreassewe,2
eclipse,malgorzatajanczarska,2
eclipse,lindawatson,2
eclipse,christianplesnerhansen,2
eclipse,lakshmishanmugam,2
eclipse,elenalaskavaia,2
eclipse,marcandr챕laperle,2
eclipse,conradgroth,2
eclipse,michaelvanmeekeren,2
eclipse,eduardopereira,2
eclipse,mika챘lbarbero,2
eclipse,nicolajhoess,2
eclipse,dirkbaeumer,2
eclipse,unknownuser,2
eclipse,veselinmarkov,2
eclipse,pawelpiech,2
eclipse,camthule,2
eclipse,karicemcintyre,2
eclipse,andreaguarinoni,2
eclipse,samanthachan,2
eclipse,rajesh,2
eclipse,hilgersteenblock,2
eclipse,prakashrangaraj,2
eclipse,lucbourlier,2
eclipse,rodrigoperetti,2
eclipse,jonahgraham,2
eclipse,janrosczak,2
eclipse,adamarcher,2
eclipse,jedanderson,2
eclipse,jeromecambon,1
eclipse,mateuszwenus,1
eclipse,marioherzig,1
eclipse,yenlu,1
eclipse,samiwagiaalla,1
eclipse,winstonprakash,1
eclipse,nicholasrajendram,1
eclipse,carmigrushko,1
eclipse,christianbuck,1
eclipse,udowalker,1
eclipse,random12345user12345,1
eclipse,simonarcher,1
eclipse,tuukkalehtonen,1
eclipse,shantharamachandran,1
eclipse,markusoley,1
eclipse,karstenbecker,1
eclipse,dariuszstefanowicz,1
eclipse,davidsaff,1
eclipse,ilyabuziuk,1
eclipse,kentjohnson,1
eclipse,ovidiomallo,1
eclipse,rupeshkumar,1
eclipse,matthewbisson,1
eclipse,sharmaanvv,1
eclipse,ivanmarkov,1
eclipse,shaunskelton,1
eclipse,susanfranklin,1
eclipse,danailbranekov,1
eclipse,filipporossoni,1
eclipse,dirkolmes,1
eclipse,felipeheidrich,1
eclipse,jasonbrennan,1
eclipse,oliverp체tter,1
eclipse,alexpanchenko,1
eclipse,alexanderrookey,1
eclipse,shankhabanerjee,1
eclipse,anthonyhunter,1
eclipse,pierrecarlson,1
eclipse,peterfriese,1
eclipse,scottlewis,1
eclipse,sebastianpeleato,1
eclipse,sravankumarlakkimsetti,1
eclipse,ericwli,1
eclipse,antonleherbauer,1
eclipse,mikeswingler,1
eclipse,kaitoedter,1
eclipse,philipritzkopf,1
eclipse,kevincornell,1
eclipse,lesjones,1
eclipse,darrenha,1
eclipse,danielhaftstein,1
eclipse,brenthepburn,1
eclipse,timdeboer,1
eclipse,ianbull,1
eclipse,dusisarathchandra,1
eclipse,natashadsilva,1
eclipse,andrewclement,1
eclipse,thorstenmaack,1
eclipse,eugenneufeld,1
eclipse,fabianmiehe,1
eclipse,mykhayloshlyakhtovskyy,1
eclipse,kevinmilburn,1
eclipse,aliakar,1
eclipse,waynebeaton,1
eclipse,alexandergurov,1
eclipse,masha(maria)krol,1
eclipse,mohamedelkholy,1
eclipse,michalniewrzal,1
eclipse,johnryding,1
eclipse,paulfullbright,1
eclipse,lucienweller,1
eclipse,victorrubezhny,1
eclipse,carolynmacleod,1
eclipse,alisheraz,1
eclipse,sasikanthbharadwaj,1
eclipse,adambriska,1
eclipse,alexandrabuzila,1
eclipse,danielfriederich,1
eclipse,holgervoormann,1
eclipse,daveorme,1
eclipse,jenniferfogell,1
eclipse,bryangreen,1
eclipse,justinkong,1
eclipse,danielrsomerfield,1
eclipse,sebastianherrmann,1
eclipse,chrismclaren,1
eclipse,s첩rentroest,1
eclipse,danielraap,1
eclipse,masayukifuse,1
eclipse,fabiomancinelli,1
eclipse,matthewhall,1
eclipse,minidzelis,1
eclipse,matthiasmailaender,1
eclipse,matthewhatem,1
eclipse,jinli,1
eclipse,adityaaswani,1
eclipse,markushuebscher,1
eclipse,niklasmehner,1
eclipse,johnrose,1
eclipse,szymonbrandys,1
eclipse,mikekaufman,1
eclipse,oleksandrzakusylo,1
eclipse,johannesfaltermeier,1
eclipse,danieljaeger,1
eclipse,ievgenlukash,1
eclipse,richardgobeli,1
eclipse,jankoehnlein,1
eclipse,ianpun,1
eclipse,hitesh,1
eclipse,brianbauman,1
eclipse,brunomedeiros,1
eclipse,christophdanielschulze,1
eclipse,davidgreen,1
eclipse,jensschiebel,1
eclipse,davesteinberg,1
eclipse,phpcore,1
eclipse,stephanhackstedt,1
eclipse,raymondauge,1
eclipse,peterpuskas,1
eclipse,stefanocke,1
eclipse,tomhochstein,1
eclipse,bradreynolds,1
eclipse,stefvandijk,1
eclipse,prakashg.r.,1
eclipse,stevefrancisco,1
eclipse,andreasloth,1
eclipse,andreaross,1
eclipse,davidj.orme,1
eclipse,hendrikpeilke,1
eclipse,lorneparsons,1
eclipse,alexanderbaranov,1
eclipse,hemantsingh,1
eclipse,johannesbeichter,1
eclipse,yaroslavnikolaiko,1
eclipse,antoniodsouza,1
eclipse,normanyee,1
eclipse,tobiasbaumann,1
eclipse,richardbirenheide,1
eclipse,rafaeloliveiran처brega,1
eclipse,krzysztofkazmierczyk,1
eclipse,robinstocker,1
eclipse,camilolopes,1
eclipse,davidaudel,1
eclipse,christianwalther,1
eclipse,maxhohenegger,1
eclipse,tobiasmelcher,1
eclipse,timhanson,1
eclipse,timokinnunen,1
eclipse,ivanfurnadjiev,1
eclipse,andr챕s첩reng,1
eclipse,jesperkamstruplinnet,1
eclipse,hendrikstill,1
eclipse,kostassakellis,1
eclipse,jamesblackburn,1
eclipse,harryterkelsen,1
eclipse,johannesahlers,1
eclipse,zhiyongliu,1
eclipse,lynnekues,1
eclipse,abhishekkishore,1
eclipse,igorfedorenko,1
eclipse,knutradloff,1
eclipse,simonarsenault,1
eclipse,frankbudinsky,1
eclipse,arunthondapu,1
eclipse,peterwhite,1
eclipse,alainleguennec,1
eclipse,fritsjalvingh,1
eclipse,jamesmoody,1
eclipse,maxl.,1
eclipse,shawnminto,1
eclipse,danielkruegler,1
eclipse,tomgurney,1
eclipse,shujieliao,1
eclipse,torkildresheim,1
eclipse,ineskhelifi,1
eclipse,douglaspollock,1
eclipse,markusschorn,1
eclipse,maxsigalov,1
eclipse,valentinapopescu,1
eclipse,patrickdempsey,1
eclipse,christianpontesegger,1
eclipse,franktip,1
eclipse,yvesyang,1
eclipse,markusduft,1
eclipse,achimdemelt,1
eclipse,christophecornu,1
eclipse,jimperry,1
eclipse,brianyoung,1
eclipse,fabiozadrozny,1
eclipse,b.chen,1
eclipse,georgecheng,1
eclipse,berndkolb,1
eclipse,benediktkuntz,1
eclipse,larssadau,1
eclipse,karenparker,1
eclipse,beatriziaderoza,1
eclipse,louismichelmathurin,1
eclipse,rabeagransberger,1
eclipse,ulrichgrave,1
eclipse,jaceksieka,1
eclipse,thirumalareddymutchukota,1
eclipse,andrewirvine,1
eclipse,seankennedy,1
eclipse,philloats,1
eclipse,johnmasonp.shackelford,1
eclipse,janetatchell,1
eclipse,phpui,1
eclipse,sandralions,1
eclipse,brianmcnamara,1
eclipse,ankursharma,1
eclipse,andrewoverholt,1
eclipse,anatolyspektor,1
eclipse,maxweninger,1
eclipse,rafaelchaves,1
eclipse,charliegracie,1
eclipse,kimkelley,1
eclipse,colemarkham,1
eclipse,andreweisenberg,1
eclipse,christianmohr,1
eclipse,nirajmodi,1
eclipse,torbj철rnsvensson,1
eclipse,rolftheunissen,1
eclipse,ketanpadegaonkar,1
eclipse,andreasschmid,1
eclipse,mikepawlowski,1
eclipse,semionchichelnitsky,1
eclipse,allangodding,1
eclipse,nobodyfeelfreetotakeit,1
eclipse,garyhoren,1
eclipse,thorstenhake,1
eclipse,wainerdossantosmoschetta,1
eclipse,ren챕brandstetter,1
eclipse,johnlanuti,1
eclipse,r체digerherrmann,1
eclipse,holgerschill,1
eclipse,philipwenig,1
eclipse,userunknown,1
eclipse,theodorayeung,1
eclipse,ahmedmoharram,1
eclipse,stefanweiser,1
eclipse,andreasmayer,1
eclipse,vladimirpiskarev,1
eclipse,mikemallett,1
eclipse,nicksandonato,1
eclipse,andrejzachar,1
eclipse,atsuhikoyamanaka,1
eclipse,sebastiandavids,1
eclipse,ayushmanjain,1
eclipse,stefanwinkler,1
eclipse,brettrandall,1
eclipse,larryisaacs,1
eclipse,chrismckillop,1
eclipse,ryancooper,1
eclipse,christophkeimel,1
eclipse,ferenchechler,1
eclipse,mateuszmatela,1
eclipse,lysathor,1
eclipse,manojpalat,1
eclipse,peternehrer,1
eclipse,vladklicnik,1
eclipse,duongnguyen,1
eclipse,herbwilliams,1
eclipse,blazejkroll,1
eclipse,jessgarms,1
eclipse,vladimirdvorak,1
eclipse,ericjodet,1
eclipse,randyfaust,1
eclipse,andrewferrazzutti,1
eclipse,marcelopaternostro,1
eclipse,cornelizbasa,1
eclipse,erichung,1
eclipse,sridharbidigalu,1
eclipse,philipmayer,1
eclipse,eric,1
eclipse,garykarasiuk,1
eclipse,jespermoller,1
eclipse,boyachok,1
eclipse,joeldrigo,1
eclipse,alainbernard,1
eclipse,linakemmel,1
eclipse,alexanderkoptelov,1
eclipse,davidweiser,1
eclipse,samratdhillon,1
eclipse,troybishop,1
eclipse,felixotto,1
eclipse,adamschlegel,1
eclipse,nelliechau,1
eclipse,scottkovatch,1
eclipse,karenwilliamson,1
eclipse,peterschulz,1
eclipse,helenahalperin,1
eclipse,julianenoch,1
eclipse,praveen,1
eclipse,edenklein,1
eclipse,davidcarver,1
eclipse,edsmith,1
eclipse,paulelder,1
eclipse,jianglinquan,1
eclipse,jeanmichellemieux,1
eclipse,j326159487,1
eclipse,ricardobochnia,1
eclipse,pawelpogorzelski,1
eclipse,chrisaustin,1
eclipse,crossprojectissues,1
eclipse,florianholl,1
eclipse,bethtibbitts,1
eclipse,snehasishpaul,1
eclipse,kitlo,1
eclipse,brockjaniczak,1
eclipse,joseflehner,1
eclipse,jeffbrown,1
eclipse,stephanwahlbrink,1
eclipse,paulpunke,1
eclipse,aaronferguson,1
eclipse,philippkunz,1
eclipse,christopheelek,1
eclipse,jesse,1
eclipse,joerndinkla,1
eclipse,willianmitsuda,1
eclipse,jeandersoncandido,1
eclipse,georgesuaridze,1
eclipse,denisforveille,1
eclipse,derektoolan,1
eclipse,alianaguib,1
eclipse,sergeygrant,1
eclipse,aurelienpupier,1
eclipse,wojciechsudol,1
eclipse,jacekpospychala,1
eclipse,himanshumishra,1
eclipse,adamnielsen,1
eclipse,sebastianlohmeier,1
eclipse,dimitargeorgiev,1
eclipse,debbiewilson,1
eclipse,ericwilliams,1
eclipse,axelrichard,1
eclipse,haozhang,1
eclipse,richard.,1
eclipse,lotharlattermann,1
eclipse,timellison,1
eclipse,kaloyanraev,1
eclipse,ianpetersen,1
eclipse,phillipwebb,1
eclipse,patricknaish,1
eclipse,nikolaymetchev,1
eclipse,noopurawayuntil27feb,1
eclipse,rodneydowdall,1
eclipse,michaelt.brown,1
eclipse,kennetholson,1
eclipse,haythamyassine,1
eclipse,yvesjoan,1
eclipse,vasiligulevich,1
eclipse,randygiffen,1
eclipse,rdabra,1
eclipse,matthiasvilliger,1
eclipse,midhunvishnukripa,1
eclipse,januszlembicz,1
eclipse,edburnette,1
eclipse,thomaswolf,1
eclipse,andrea,1
eclipse,cagataycalli,1
eclipse,jeffhalhead,1
eclipse,kelvinchan,1
eclipse,royganor,1
eclipse,coryturner,1
eclipse,vladdumitrescu,1
eclipse,kevindoyle,1
eclipse,noamchitayat,1
eclipse,davidolsen,1
eclipse,xaviercoulon,1
eclipse,michaelvalenta,1
eclipse,timmok,1
eclipse,charlie,1
eclipse,leodenault,1
eclipse,hannafarah,1
eclipse,vikaschandra,1
eclipse,andreweidsness,1
eclipse,seanyoung,1
eclipse,lukashanke,1
eclipse,gaborkovesdan,1
eclipse,jenncharland,1
eclipse,ghaithhachem,1
eclipse,guojiquan,1
eclipse,davidsavage,1
eclipse,nicolasbros,1
eclipse,billyhuang,1
eclipse,robstryker,1
eclipse,thibaultleouay,1
eclipse,ryanmanwiller,1
eclipse,walterharley,1
eclipse,pragyagaur,1
eclipse,stevenwasleski,1
eclipse,harryhoudini,1
eclipse,svenstrohschein,1
eclipse,sumitsarkar,1
eclipse,leungwanghei,1
eclipse,michaelspector,1
eclipse,simonkaegi,1
eclipse,maximedaniel,1
eclipse,mikemilinkovich,1
eclipse,tangyan,1
eclipse,srikanthsankaran,1
eclipse,ralfpetter,1
eclipse,jsfprojectui,1
eclipse,dinasayed,1
eclipse,joewinchester,1
eclipse,philippbumann,1
eclipse,matthiasnowak,1
eclipse,billybiggs,1
eclipse,sebastianratz,1
eclipse,erolko챌,1
iot,filippr철stlandren,1
iot,minhgiang,1
iot,benjamincab챕,1
iot,julienvermillard,1
iot,gerhardebenhofer,1
iot,monikawenger,1
iot,josemariajesuscabrallassalle,1
iot,silverechabal,1
iot,romainperier,1
iot,fabienfleutot,1
iot,aloiszoitl,1
