domain,project,assignee
modeling,graphiti,christianbrand
modeling,graphiti,erwindeley
modeling,graphiti,felixvelasco
modeling,graphiti,matthiasgorning
modeling,graphiti,michaelwenz
modeling,graphiti,projectinbox
modeling,graphiti,timkaiser
modeling,graphiti,torkildresheim
technology,m2e,andreassewe
technology,m2e,antontanasenko
technology,m2e,benjaminbentmann
technology,m2e,benjaminhanzelmann
technology,m2e,dmitryplatonoff
technology,m2e,eclipsewebmaster
technology,m2e,fredbricon
technology,m2e,igorfedorenko
technology,m2e,matthewpiggott
technology,m2e,miloskleint
technology,m2e,pascalrapicault
technology,m2e,paultatavu
technology,m2e,pdeuiinbox
technology,m2e,platformantinbox
technology,m2e,platformuiinbox
technology,m2e,platformuitriaged
technology,m2e,projectinbox
modeling,ocl,adolfosanchezbarbudoherrera
modeling,ocl,alexanderigdalov
modeling,ocl,andreaswerner
modeling,ocl,anthonyhunter
modeling,ocl,axeluhl
modeling,ocl,chrismcgee
modeling,ocl,christianvogt
modeling,ocl,christianw.damus
modeling,ocl,dummymdtuml2toolsinbox
modeling,ocl,edwillink
modeling,ocl,emfoclinbox
modeling,ocl,epperrorreports
modeling,ocl,nickboldt
modeling,ocl,oclinbox
modeling,ocl,projectinbox
modeling,ocl,radomildvorak
modeling,ocl,vishyramaswamy
modeling,mdt.rmf,andreasgraf
modeling,mdt.rmf,husseinmhanna
modeling,mdt.rmf,ingoweigelt
modeling,mdt.rmf,lukasl.
modeling,mdt.rmf,lukasladenberger
modeling,mdt.rmf,markbroerkens
modeling,mdt.rmf,michaeljastram
modeling,mdt.rmf,projectinbox
modeling,mdt.rmf,s.davidlall
modeling,mdt.rmf,saidsalem
technology,dltk,alexanderkurtakov
technology,dltk,alexpanchenko
technology,dltk,alonpeled
technology,dltk,andreasrichter
technology,dltk,andreisobolev
technology,dltk,andreyloskutov
technology,dltk,andreyplatov
technology,dltk,atsushihasegawa
technology,dltk,dawidpakula
technology,dltk,dltk.commoninbox
technology,dltk,dltk.pythoninbox
technology,dltk,dltk.rubyinbox
technology,dltk,dltk.tclinbox
technology,dltk,dltkjavascriptinbox
technology,dltk,dmitriykovalev
technology,dltk,jaegangemi
technology,dltk,johancompagner
technology,dltk,matbooth
technology,dltk,michaelspector
technology,dltk,mikhailkalugin
technology,dltk,nikolaykurtov
technology,dltk,pavelpetrochenko
technology,dltk,phpui
technology,dltk,projectinbox
technology,dltk,royganor
technology,dltk,samfaktorovich
technology,dltk,timurshipilov
technology,dltk,vladimirbelov
soa,stardust,anoopnair
soa,stardust,antjefuhrmann
soa,stardust,carolinerieseler
soa,stardust,herbertneureiter
soa,stardust,holgerprause
soa,stardust,monikafunke
soa,stardust,paragfulfagar
soa,stardust,projectinbox
soa,stardust,rahuldave
soa,stardust,robertsauer
soa,stardust,rolandstamm
soa,stardust,shrikantgangal
soa,stardust,simoneseurer
soa,stardust,stephanborn
soa,stardust,subodhgodbole
soa,stardust,svenrottstock
soa,stardust,thomaswolfram
soa,stardust,zachmccain
rt,vertx,julienviet
rt,vertx,nickscavelli
rt,vertx,normanmaurer
rt,vertx,projectinbox
rt,vertx,timfox
rt,vertx,vertxplatformbugzillainbox
modeling,mdt.modisco,eclipsewebmaster
modeling,mdt.modisco,fabiengiquel
modeling,mdt.modisco,fredericmadiot
modeling,mdt.modisco,gabrielbarbier
modeling,mdt.modisco,gmtam3inbox
modeling,mdt.modisco,gregoiredupe
modeling,mdt.modisco,herveesteguet
modeling,mdt.modisco,hugobruneliere
modeling,mdt.modisco,nicolasbros
modeling,mdt.modisco,nicolasguyomar
modeling,mdt.modisco,projectinbox
technology,actf,annford
technology,actf,daisukesato
technology,actf,kavithateegala
technology,actf,kentaroufukuda
technology,actf,mike
technology,actf,phanikommareddy
technology,actf,projectinbox
technology,actf,roberte.mcdonald
technology,actf,shunguoyan
technology,actf,yelizyesilada
modeling,acceleo,cedricbrun
modeling,acceleo,jonathanmusset
modeling,acceleo,laurentgoubet
modeling,acceleo,projectinbox
modeling,acceleo,stephanebegaudeau
modeling,acceleo,stephanebouchet
modeling,acceleo,yvanlussaud
eclipse,pde,adamarcher
eclipse,pde,adityaaswani
eclipse,pde,alexanderkoptelov
eclipse,pde,alexanderkurtakov
eclipse,pde,alexblewitt
eclipse,pde,andreaguarinoni
eclipse,pde,andreweinand
eclipse,pde,andrewniefer
eclipse,pde,andreyloskutov
eclipse,pde,ankursharma
eclipse,pde,antontanasenko
eclipse,pde,bartoszmichalik
eclipse,pde,bencox
eclipse,pde,benjamincab챕
eclipse,pde,benjaminmuskalla
eclipse,pde,berndkolb
eclipse,pde,blazejkroll
eclipse,pde,brankotripkovic
eclipse,pde,brianbauman
eclipse,pde,briandealwis
eclipse,pde,brockjaniczak
eclipse,pde,charlie
eclipse,pde,cheriewong
eclipse,pde,chrisaniszczyk
eclipse,pde,chrisgoldthorpe
eclipse,pde,christiangeorgi
eclipse,pde,curtiswindatt
eclipse,pde,dakshinamurthy.karra
eclipse,pde,danailnachev
eclipse,pde,danimegert
eclipse,pde,darinswanson
eclipse,pde,darinwright
eclipse,pde,davidcarver
eclipse,pde,davidolsen
eclipse,pde,davidwilliams
eclipse,pde,dejanglozic
eclipse,pde,deniszygann
eclipse,pde,dirkfauth
eclipse,pde,djhoughton
eclipse,pde,dorianbirsan
eclipse,pde,ecf.coreinbox
eclipse,pde,edmerks
eclipse,pde,eikestepper
eclipse,pde,elenalaskavaia
eclipse,pde,equinox.compendiuminbox
eclipse,pde,ericwli
eclipse,pde,fabianmiehe
eclipse,pde,fabianpfaff
eclipse,pde,fabiomancinelli
eclipse,pde,florianholl
eclipse,pde,fredericfusier
eclipse,pde,georgesuaridze
eclipse,pde,gunnarwagenknecht
eclipse,pde,hilgersteenblock
eclipse,pde,himanshumishra
eclipse,pde,ianbull
eclipse,pde,ivanfurnadjiev
eclipse,pde,jacekpospychala
eclipse,pde,jakubjurkiewicz
eclipse,pde,janeklasockibiczysko
eclipse,pde,janoveweichel
eclipse,pde,januszlembicz
eclipse,pde,jdtcoreinbox
eclipse,pde,jdtdebuginbox
eclipse,pde,jeffmcaffer
eclipse,pde,jeromelanneluc
eclipse,pde,joerndinkla
eclipse,pde,johannesahlers
eclipse,pde,johnarthorne
eclipse,pde,johnwiegand
eclipse,pde,jonashelming
eclipse,pde,karicemcintyre
eclipse,pde,ketanpadegaonkar
eclipse,pde,kevindoyle
eclipse,pde,kevinhaaland
eclipse,pde,kimhorne
eclipse,pde,kimmoir
eclipse,pde,konradkolosowski
eclipse,pde,krzysztofdaniel
eclipse,pde,larsvogel
eclipse,pde,leoufimtsev
eclipse,pde,lesjones
eclipse,pde,maartenmeijer
eclipse,pde,marcandr챕laperle
eclipse,pde,markuskeller
eclipse,pde,markuskuppe
eclipse,pde,martinkarpisek
eclipse,pde,matbooth
eclipse,pde,matthiasbecker
eclipse,pde,matthiasvilliger
eclipse,pde,mazenfaraj
eclipse,pde,michaelkeppler
eclipse,pde,michaelrennie
eclipse,pde,mickaelistria
eclipse,pde,mika챘lbarbero
eclipse,pde,mikepawlowski
eclipse,pde,mykhayloshlyakhtovskyy
eclipse,pde,niklasmehner
eclipse,pde,noamchitayat
eclipse,pde,noopurgupta
eclipse,pde,olegbesedin
eclipse,pde,olivierprouvost
eclipse,pde,olivierthomann
eclipse,pde,p2inbox
eclipse,pde,pascalrapicault
eclipse,pde,patrickdempsey
eclipse,pde,patriksuzzi
eclipse,pde,paulwebster
eclipse,pde,pdeapitoolsinbox
eclipse,pde,pdebuildinbox
eclipse,pde,pdecoreinbox
eclipse,pde,pdedocinbox
eclipse,pde,pdeincubatorinbox
eclipse,pde,pdeuiinbox
eclipse,pde,peterfriese
eclipse,pde,peternehrer
eclipse,pde,peterschulz
eclipse,pde,philipritzkopf
eclipse,pde,pierrecarlson
eclipse,pde,platformdebuginbox
eclipse,pde,platformrelenginbox
eclipse,pde,platformruntimeinbox
eclipse,pde,platformtextinbox
eclipse,pde,platformuainbox
eclipse,pde,platformuiinbox
eclipse,pde,platformuitriaged
eclipse,pde,pragyagaur
eclipse,pde,projectinbox
eclipse,pde,rafaeloliveiran처brega
eclipse,pde,remysuen
eclipse,pde,rodrigoperetti
eclipse,pde,rorylucyshynwright
eclipse,pde,sarikasinha
eclipse,pde,scottlewis
eclipse,pde,seankennedy
eclipse,pde,sebastiandavids
eclipse,pde,sergeygrant
eclipse,pde,sergeyprigogin
eclipse,pde,simonarcher
eclipse,pde,simonscholz
eclipse,pde,sopotcela
eclipse,pde,stefanxenos
eclipse,pde,stephanherrmann
eclipse,pde,stevenspungin
eclipse,pde,susanmccourt
eclipse,pde,szymonptaszkiewicz
eclipse,pde,thanhha
eclipse,pde,thomaswatson
eclipse,pde,todcreasey
eclipse,pde,tomaszzarna
eclipse,pde,tonymccrary
eclipse,pde,torbj철rnsvensson
eclipse,pde,tuukkalehtonen
eclipse,pde,veronikairvine
eclipse,pde,vikaschandra
eclipse,pde,volkerwegert
eclipse,pde,wassimmelhem
eclipse,pde,willianmitsuda
eclipse,pde,wimjongman
eclipse,pde,wojciechgalanciak
rt,rap,arnaudmergey
rt,rap,austinriddle
rt,rap,benjaminmuskalla
rt,rap,bjornfreemanbenson
rt,rap,colemarkham
rt,rap,dominikebert
rt,rap,frankappel
rt,rap,inbox
rt,rap,ivanfurnadjiev
rt,rap,mariotchauvin
rt,rap,markusknauer
rt,rap,projectinbox
rt,rap,ralfsternberg
rt,rap,ralfzahn
rt,rap,r체digerherrmann
rt,rap,stefanr철ck
rt,rap,stephanleichtvogt
rt,rap,thomasschindl
rt,rap,timbuschtoens
modeling,sphinx,aliakar
modeling,sphinx,aminelajmi
modeling,sphinx,christiank.
modeling,sphinx,daohoang
modeling,sphinx,idrissadieng
modeling,sphinx,markbroerkens
modeling,sphinx,paulhoser
modeling,sphinx,projectinbox
modeling,sphinx,robertkiss
modeling,sphinx,stephaneberle
modeling,sphinx,yannickdidierjean
modeling,sphinx,yuema
technology,lyo,anamitrabhattacharyya
technology,lyo,andriiberezovskyi
technology,lyo,axelreichwein
technology,lyo,benjaminroehl
technology,lyo,celsosaad
technology,lyo,chriskyrouac
technology,lyo,christianekholm
technology,lyo,danielfigueiredocaetano
technology,lyo,davidterry
technology,lyo,ernestmah
technology,lyo,fabianarocha
technology,lyo,fabionegrello
technology,lyo,fernandosilva
technology,lyo,franciscohoyos
technology,lyo,gabrielruelas
technology,lyo,givanildodantasalves
technology,lyo,harryreeder
technology,lyo,hirotakamatsumoto
technology,lyo,jadelkhoury
technology,lyo,jimamsden
technology,lyo,jimruehlin
technology,lyo,joachimengelhardt
technology,lyo,kaiwu
technology,lyo,kohjiohsawa
technology,lyo,larsohlen
technology,lyo,masakiwakao
technology,lyo,maxvohlken
technology,lyo,michaelfiedler
technology,lyo,olivierberger
technology,lyo,paulmcmahan
technology,lyo,paulohenriqueleal
technology,lyo,paulslauenwhite
technology,lyo,projectinbox
technology,lyo,richardbone
technology,lyo,romainbarth
technology,lyo,samuelpadgett
technology,lyo,sanjayjoshi
technology,lyo,seankennedy
technology,lyo,sergioderas
technology,lyo,stevepitschke
technology,lyo,stevespeicher
technology,lyo,subhajitbhuiya
technology,lyo,sujeetmishra
technology,lyo,susumufukuda
technology,lyo,timeck
technology,lyo,torisantonil
technology,lyo,vincentphan
technology,lyo,wangfang
technology,lyo,yuhongyin
technology,lyo,zhenniyan
modeling,emft,berndkolb
modeling,emft,bryanhunt
modeling,emft,chrismcgee
modeling,emft,christianw.damus
modeling,emft,clemenskadura
modeling,emft,dennishuebner
modeling,emft,eclipsewebmaster
modeling,emft,edmerks
modeling,emft,eikestepper
modeling,emft,emfcompare
modeling,emft,joelcheuoua
modeling,emft,karstenthoms
modeling,emft,leizhang
modeling,emft,martintaal
modeling,emft,miguelgarcia
modeling,emft,moritzeysholdt
modeling,emft,neilskrypuch
modeling,emft,nickboldt
modeling,emft,patrickschonbach
modeling,emft,peterfriese
modeling,emft,peternehrer
modeling,emft,projectinbox
modeling,emft,reinholdbihler
modeling,emft,sandroboehme
modeling,emft,sebastianzarnekow
modeling,emft,svenefftinge
modeling,emft,vishyramaswamy
technology,rtsc,alandemars
technology,rtsc,amitmookerjee
technology,rtsc,ashishkapania
technology,rtsc,bobfrankel
technology,rtsc,branavankarunamoorthy
technology,rtsc,chrismccormick
technology,rtsc,chrisring
technology,rtsc,daverusso
technology,rtsc,davidfriedland
technology,rtsc,gunjandang
technology,rtsc,jonblake
technology,rtsc,jonrowlands
technology,rtsc,josephcusano
technology,rtsc,judah
technology,rtsc,karlwechsler
technology,rtsc,nityaramdas
technology,rtsc,paulgingrich
technology,rtsc,ramseyharris
technology,rtsc,sashaslijepcevic
technology,rtsc,scottgary
technology,rtsc,shreyasprasad
technology,rtsc,vikramadiga
ecd,orion,adrianaichner
ecd,orion,aidanredpath
ecd,orion,albertcui
ecd,orion,alianaguib
ecd,orion,alvinlee
ecd,orion,andrewclement
ecd,orion,andreweisenberg
ecd,orion,andrewniefer
ecd,orion,anthonyhunter
ecd,orion,antonmcconville
ecd,orion,bartoszgrabski
ecd,orion,bogdangheorghe
ecd,orion,borisbokowski
ecd,orion,brandondalesandro
ecd,orion,carolynmacleod
ecd,orion,caseyflynn
ecd,orion,chaozhang
ecd,orion,chenyukevinleong
ecd,orion,chrisconley
ecd,orion,curtiswindatt
ecd,orion,dmitryshindyalov
ecd,orion,eclipsewebmaster
ecd,orion,edwardgao
ecd,orion,edytaprzymus
ecd,orion,elijahelhaddad
ecd,orion,ericmoffatt
ecd,orion,erwinmargewitsch
ecd,orion,felipeheidrich
ecd,orion,filipmadej
ecd,orion,gabrielluong
ecd,orion,grantgayed
ecd,orion,hermanbadwal
ecd,orion,hongyingzhang
ecd,orion,hongyuli
ecd,orion,insoochoo
ecd,orion,jasmeetsingh
ecd,orion,jayarthanareeswaran
ecd,orion,jeffersonlam
ecd,orion,jenniferwiner
ecd,orion,jennyhan
ecd,orion,jimfan
ecd,orion,johnarthorne
ecd,orion,jonathanbalsano
ecd,orion,joshuawilson
ecd,orion,kaitlinhuben
ecd,orion,kenfinnigan
ecd,orion,kenkumagai
ecd,orion,kenwalker
ecd,orion,krisdevolder
ecd,orion,lakshmishanmugam
ecd,orion,lefioannidis
ecd,orion,libingwang
ecd,orion,maciejbendkowski
ecd,orion,malgorzatajanczarska
ecd,orion,manusridharan
ecd,orion,markmacdonald
ecd,orion,matthiassohn
ecd,orion,maxli
ecd,orion,maxvohlken
ecd,orion,meivernthen
ecd,orion,michaelchoi
ecd,orion,michaelochmann
ecd,orion,michaelrennie
ecd,orion,mihaisucan
ecd,orion,mikepawlowski
ecd,orion,muhammadmousa
ecd,orion,naynajain
ecd,orion,olivierthomann
ecd,orion,paulwebster
ecd,orion,projectinbox
ecd,orion,remysuen
ecd,orion,richardsong
ecd,orion,sarahhong
ecd,orion,sharoncorbett
ecd,orion,silenioquarti
ecd,orion,simonkaegi
ecd,orion,simonmeng
ecd,orion,stefanlay
ecd,orion,stephenjahns
ecd,orion,stevenorthover
ecd,orion,susanmccourt
ecd,orion,szymonbrandys
ecd,orion,theatian
ecd,orion,tomaszzarna
ecd,orion,tonylee
ecd,orion,troytao
ecd,orion,umarbolatov
ecd,orion,wojciechsudol
ecd,orion,xinchen
ecd,orion,xintongwang
ecd,orion,xinyijiang
ecd,orion,yossibalan
tools,pdt,ajdtinbox
tools,pdt,alonpeled
tools,pdt,assafalmaz
tools,pdt,davidkelsey
tools,pdt,dawidpakula
tools,pdt,denisroy
tools,pdt,eclipsewebmaster
tools,pdt,edenklein
tools,pdt,gadigoldbarg
tools,pdt,guygurfinkel
tools,pdt,guyharpaz
tools,pdt,igorburilo
tools,pdt,itayfriedman
tools,pdt,jacekpospychala
tools,pdt,jackie
tools,pdt,kaloyanraev
tools,pdt,kerenstern
tools,pdt,martineisengardt
tools,pdt,michaelspector
tools,pdt,michalniewrzal
tools,pdt,moshe
tools,pdt,nataliabartol
tools,pdt,nickboldt
tools,pdt,nircohen
tools,pdt,p2inbox
tools,pdt,phoenix.ui
tools,pdt,phpcore
tools,pdt,phpdebug
tools,pdt,phpdoc
tools,pdt,phpui
tools,pdt,platformdebuginbox
tools,pdt,platformscriptinginbox
tools,pdt,platformuiinbox
tools,pdt,projectinbox
tools,pdt,q.s.wang
tools,pdt,robertgruendler
tools,pdt,royganor
tools,pdt,sevalapsha
tools,pdt,shachar
tools,pdt,shalomgibly
tools,pdt,silverzachara
tools,pdt,thierryblind
tools,pdt,wojciechgalanciak
tools,pdt,xujiaxi
tools,pdt,yaronmazor
tools,pdt,yossileon
tools,pdt,yossiluson
tools,pdt,zhongweizhao
technology,nebula,ahmedmahran
technology,nebula,alexanderbunkowski
technology,nebula,alexanderkurtakov
technology,nebula,alexclayton
technology,nebula,angelozerr
technology,nebula,bahaelkassaby
technology,nebula,bernhardwedl
technology,nebula,cedricbrun
technology,nebula,chrisgross
technology,nebula,christianw.damus
technology,nebula,daveorme
technology,nebula,dirkfauth
technology,nebula,domjansansovic
technology,nebula,donalddunne
technology,nebula,dougsh
technology,nebula,eliasvolanakis
technology,nebula,emilcrumhorn
technology,nebula,ericwuillai
technology,nebula,giovannij
technology,nebula,glennburkhardt
technology,nebula,hallvardtraetteberg
technology,nebula,janbaeyens
technology,nebula,janhaensli
technology,nebula,jeremydowdall
technology,nebula,johannesfaltermeier
technology,nebula,johnjanus
technology,nebula,makennafish
technology,nebula,mariohofmann
technology,nebula,markusbohr
technology,nebula,martyjones
technology,nebula,matthewgerring
technology,nebula,matthewhall
technology,nebula,matthiasnowak
technology,nebula,matthiassteigenberger
technology,nebula,mickaelistria
technology,nebula,mirkopaturzo
technology,nebula,nicolasricheton
technology,nebula,petercentgraf
technology,nebula,peterchang
technology,nebula,peterschulz
technology,nebula,platformuiinbox
technology,nebula,projectinbox
technology,nebula,rafaelkarst
technology,nebula,rodrigocantupolo
technology,nebula,simonscholz
technology,nebula,stefandirix
technology,nebula,thomasschindl
technology,nebula,tomaszkleszczynski
technology,nebula,torkildresheim
technology,nebula,wimjongman
technology,nebula,xihuichen
tools,ldt,benjamincab챕
tools,ldt,juliendesgats
tools,ldt,kevinkinfoo
tools,ldt,marcandr챕laperle
tools,ldt,marcaubry
tools,ldt,projectinbox
tools,ldt,simonbernard
technology,ease,arthurdaussy
technology,ease,christianpontesegger
technology,ease,domjansansovic
technology,ease,jeanfrancoisrolland
technology,ease,jonahgraham
technology,ease,maxhohenegger
technology,ease,pdeincubatorinbox
technology,ease,projectinbox
modeling,emfcompare,alexandrabuzila
modeling,emfcompare,axelrichard
modeling,emfcompare,cedricnotot
modeling,emfcompare,conoromahony
modeling,emfcompare,davesteinberg
modeling,emfcompare,eclipsewebmaster
modeling,emfcompare,eikestepper
modeling,emfcompare,emfcompare
modeling,emfcompare,laurentdelaigue
modeling,emfcompare,laurentgoubet
modeling,emfcompare,martinfleck
modeling,emfcompare,mathiasschaefer
modeling,emfcompare,mathieucartaud
modeling,emfcompare,michaelborkowski
modeling,emfcompare,moritzeysholdt
modeling,emfcompare,philiplanger
modeling,emfcompare,simondelisle
modeling,emfcompare,stefandirix
modeling,emfcompare,tanjamayerhofer
technology,tigerstripe,antonsalnik
technology,tigerstripe,chrishartley
technology,tigerstripe,danieljohnson
technology,tigerstripe,duncankeysell
technology,tigerstripe,ericdillon
technology,tigerstripe,jimstrawn
technology,tigerstripe,johnworrell
technology,tigerstripe,navidmehregani
technology,tigerstripe,projectinbox
technology,tigerstripe,richardcraddock
technology,tigerstripe,sandipchitale
technology,tigerstripe,stevejerman
technology,tigerstripe,valentinyerastov
technology,tigerstripe,yuristrot
modeling,emfstore,aleksandarshterev
modeling,emfstore,christophebouhier
modeling,emfstore,edgarmueller
modeling,emfstore,eugenneufeld
modeling,emfstore,florianpirchner
modeling,emfstore,franziskahaunolder
modeling,emfstore,johannesfaltermeier
modeling,emfstore,lucaskoehler
modeling,emfstore,maxhohenegger
modeling,emfstore,maximiliankoegel
modeling,emfstore,ottovonwesendonk
modeling,emfstore,philiplanger
modeling,emfstore,projectinbox
rt,riena,carstendrossel
rt,riena,christiancampo
rt,riena,eliasvolanakis
rt,riena,frankschepp
rt,riena,heikobarth
rt,riena,jordandukadinov
rt,riena,j체rgenbecker
rt,riena,projectinbox
rt,riena,sabineachilles
rt,riena,stefanliebig
rt,riena,steffenkriese
rt,riena,thorstenschenkel
modeling,qvto,adolfosanchezbarbudoherrera
modeling,qvto,alexanderigdalov
modeling,qvto,christophergerking
modeling,qvto,eclipsewebmaster
modeling,qvto,mmtatl.webinbox
modeling,qvto,oclinbox
modeling,qvto,projectinbox
modeling,qvto,radomildvorak
modeling,qvto,sergeyboyko
tools,windowbuilder,alexandermitin
tools,windowbuilder,andreysablin
tools,windowbuilder,ericclayberg
tools,windowbuilder,konstantinscheglov
tools,windowbuilder,larsvogel
tools,windowbuilder,markrussell
tools,windowbuilder,pdeapitoolsinbox
tools,windowbuilder,pdebuildinbox
tools,windowbuilder,platformdebuginbox
tools,windowbuilder,platformswtinbox
tools,windowbuilder,projectinbox
tools,windowbuilder,wimjongman
modeling,qvtd,adolfosanchezbarbudoherrera
modeling,qvtd,dummyinox
modeling,qvtd,horaciohoyos
modeling,qvtd,projectinbox
modeling,tmf,andreyloskutov
modeling,tmf,antonkosyakov
modeling,tmf,artolaurila
modeling,tmf,berndkolb
modeling,tmf,bernhardstadler
modeling,tmf,christiandietrich
modeling,tmf,dennishuebner
modeling,tmf,eclipsemanagementorganization
modeling,tmf,eclipsewebmaster
modeling,tmf,franzbecker
modeling,tmf,heikobehrens
modeling,tmf,hendrikbuender
modeling,tmf,holgerschill
modeling,tmf,jankoehnlein
modeling,tmf,karstenthoms
modeling,tmf,knutwannheden
modeling,tmf,lorenzobettini
modeling,tmf,michaelclay
modeling,tmf,michaelvorburger
modeling,tmf,mirospoenemann
modeling,tmf,moritzeysholdt
modeling,tmf,nickboldt
modeling,tmf,patrickschonbach
modeling,tmf,peterfriese
modeling,tmf,platformruntimeinbox
modeling,tmf,projectinbox
modeling,tmf,sebastianzarnekow
modeling,tmf,svenefftinge
soa,jwt,annetteheym
soa,jwt,christiansaad
soa,jwt,christianseitz
soa,jwt,eclipsewebmaster
soa,jwt,florianlautenbacher
soa,jwt,guillaumedecarnin
soa,jwt,marcdutoo
soa,jwt,melaniehesselbart
soa,jwt,mickaelistria
soa,jwt,projectinbox
soa,jwt,stephanedrapeau
soa,jwt,yoannrodiere
modeling,papyrus,alainleguennec
modeling,papyrus,alexeyshatilov
modeling,papyrus,alexisfouch챕
modeling,papyrus,amineelkouhen
modeling,papyrus,anatoliytischenko
modeling,papyrus,annehaugommard
modeling,papyrus,ansgarradermacher
modeling,papyrus,arnaudcuccuru
modeling,papyrus,arthurdaussy
modeling,papyrus,axelrichard
modeling,papyrus,benoitmaggi
modeling,papyrus,boutheinabannour
modeling,papyrus,brunomarques
modeling,papyrus,camilleletavernier
modeling,papyrus,cedricdumoulin
modeling,papyrus,celinejanssens
modeling,papyrus,chokrimraidha
modeling,papyrus,christianw.damus
modeling,papyrus,danielyeaw
modeling,papyrus,davidakehurst
modeling,papyrus,davidservat
modeling,papyrus,dummymdtrelenginbox
modeling,papyrus,dummymdtuml2toolsinbox
modeling,papyrus,eikestepper
modeling,papyrus,emilienperico
modeling,papyrus,fanchbonnabesse
modeling,papyrus,floriannoyrit
modeling,papyrus,franciscojaviercano
modeling,papyrus,francoislefevre
modeling,papyrus,fredeckertson
modeling,papyrus,gabrielmerincubero
modeling,papyrus,gabrielpascual
modeling,papyrus,g챕rydeloge
modeling,papyrus,jaafarbouayad
modeling,papyrus,jeremietatibouet
modeling,papyrus,jeromebenois
modeling,papyrus,juancadavid
modeling,papyrus,klaasgadeyne
modeling,papyrus,laurentwouters
modeling,papyrus,lucasgabillard
modeling,papyrus,mahmoudhussein
modeling,papyrus,marcandr챕laperle
modeling,papyrus,martinfleck
modeling,papyrus,mathieuvelten
modeling,papyrus,mathildearnaud
modeling,papyrus,mauricioalferez
modeling,papyrus,michaelgolubev
modeling,papyrus,mickaeladam
modeling,papyrus,nicolasfauvergue
modeling,papyrus,ondergurcan
modeling,papyrus,patricktessier
modeling,papyrus,patriknandorf
modeling,papyrus,paulinedeville
modeling,papyrus,philiplanger
modeling,papyrus,projectinbox
modeling,papyrus,quentinlemenez
modeling,papyrus,remischnekenburger
modeling,papyrus,saadiadhouib
modeling,papyrus,sebastiengabel
modeling,papyrus,sebastiengerard
modeling,papyrus,sebastienrevol
modeling,papyrus,sergeyboyko
modeling,papyrus,shuaili
modeling,papyrus,simondelisle
modeling,papyrus,smaouiasma
modeling,papyrus,stefandirix
modeling,papyrus,svyatoslavkovalsky
modeling,papyrus,tatianafesenko
modeling,papyrus,thanhliemphan
modeling,papyrus,thibaultlandr챕
modeling,papyrus,thibaultleouay
modeling,papyrus,thomasdaniellou
modeling,papyrus,tristanfaure
modeling,papyrus,trungtrucnguyen
modeling,papyrus,vancampham
modeling,papyrus,vincenth챕mery
modeling,papyrus,vincentlorenzo
modeling,papyrus,yanntanguy
modeling,papyrus,youngsooroh
modeling,papyrus,yvesyang
modeling,mdt.xsd,davesteinberg
modeling,mdt.xsd,dummymdtxsdinbox
modeling,mdt.xsd,edmerks
modeling,mdt.xsd,elenalitani
modeling,mdt.xsd,marcelopaternostro
modeling,mdt.xsd,neilskrypuch
modeling,mdt.xsd,nickboldt
rt,eclipselink,adriangoerler
rt,eclipselink,andreasfischbach
rt,eclipselink,andreiilitchev
rt,eclipselink,andriyzhdanov
rt,eclipselink,bengelernter
rt,eclipselink,blaisedoughan
rt,eclipselink,boliu
rt,eclipselink,chrisdelahunt
rt,eclipselink,daliaabosheasha
rt,eclipselink,davidkral
rt,eclipselink,davidmccann
rt,eclipselink,davidminsky
rt,eclipselink,davidtwelves
rt,eclipselink,denisesmith
rt,eclipselink,dmitrykornilov
rt,eclipselink,dougclarke
rt,eclipselink,edwintang
rt,eclipselink,ericgwin
rt,eclipselink,gordonyorke
rt,eclipselink,gulonural
rt,eclipselink,guypelletier
rt,eclipselink,himanshumarathe
rt,eclipselink,iaroslavsavytskyi
rt,eclipselink,jamessutherland
rt,eclipselink,jlm
rt,eclipselink,joegrassel
rt,eclipselink,johnbracken
rt,eclipselink,johnclingan
rt,eclipselink,kevinyuan
rt,eclipselink,kylechen
rt,eclipselink,lesliedavis
rt,eclipselink,lizarekadze
rt,eclipselink,lukasjungmann
rt,eclipselink,marcelvalovy
rt,eclipselink,martingrebac
rt,eclipselink,martinvojtek
rt,eclipselink,mattmacivor
rt,eclipselink,michaelkeith
rt,eclipselink,michaelobrien
rt,eclipselink,mikenorman
rt,eclipselink,miroslavkos
rt,eclipselink,miteshmeswani
rt,eclipselink,mythilyparthasarathy
rt,eclipselink,neilhauge
rt,eclipselink,ondrejcerny
rt,eclipselink,pascalfilion
rt,eclipselink,pdeapitoolsinbox
rt,eclipselink,pdedocinbox
rt,eclipselink,pdeincubatorinbox
rt,eclipselink,peterkrogh
rt,eclipselink,petrossplinakis
rt,eclipselink,phpui
rt,eclipselink,prabavijayaratnam
rt,eclipselink,projectinbox
rt,eclipselink,rickbarkhouse
rt,eclipselink,rickcurtis
rt,eclipselink,ricksapir
rt,eclipselink,romangrigoriadi
rt,eclipselink,sabineheider
rt,eclipselink,shaunsmith
rt,eclipselink,tomaskraus
rt,eclipselink,tomware
rt,eclipselink,vikrambhatia
rt,eclipselink,willdazey
rt,eclipselink,yipingzhao
technology,xwt,benjamincab챕
technology,xwt,erdalkaraca
technology,xwt,jinliu
technology,xwt,johnarthorne
technology,xwt,paulwebster
technology,xwt,projectinbox
technology,xwt,yvesyang
modeling,viatra,abelhegedus
modeling,viatra,akoshorvath
modeling,viatra,andrasszabolcsnagy
modeling,viatra,andr찼s횜kr철s
modeling,viatra,balazsgrill
modeling,viatra,csabadebreceni
modeling,viatra,danielsegesdi
modeling,viatra,denesharmath
modeling,viatra,gaborbergmann
modeling,viatra,istvandavid
modeling,viatra,istvanrath
modeling,viatra,martonbur
modeling,viatra,peterlunk
modeling,viatra,projectinbox
modeling,viatra,tamasborbas
modeling,viatra,tamasszabo
modeling,viatra,zoltanujhelyi
technology,egit,adriangoerler
technology,egit,andreashermann
technology,egit,andrebossert
technology,egit,andreyloskutov
technology,egit,benjaminmuskalla
technology,egit,bernardleach
technology,egit,brandondong
technology,egit,chrisaniszczyk
technology,egit,christianhalstrick
technology,egit,christiantrutz
technology,egit,danimegert
technology,egit,dariuszluksza
technology,egit,deniszygann
technology,egit,eclipsewebmaster
technology,egit,fabiozadrozny
technology,egit,gregamerson
technology,egit,gunnarwagenknecht
technology,egit,henningheitkoetter
technology,egit,ianbull
technology,egit,ilyaivanov
technology,egit,janoveweichel
technology,egit,jensbaumgart
technology,egit,karstenpanier
technology,egit,kevinsawicki
technology,egit,larsvogel
technology,egit,laurentgoubet
technology,egit,manueldoninger
technology,egit,marckhouzam
technology,egit,markusduft
technology,egit,markuskeller
technology,egit,mathiaskinzler
technology,egit,matthiassohn
technology,egit,maxhohenegger
technology,egit,mickaelistria
technology,egit,mykolanikishov
technology,egit,pdeuiinbox
technology,egit,philippthun
technology,egit,projectinbox
technology,egit,radimhopp
technology,egit,remysuen
technology,egit,robertmunteanu
technology,egit,robertroth
technology,egit,robinrosenberg
technology,egit,robinstocker
technology,egit,sasazivkov
technology,egit,shawnpearce
technology,egit,snjezanapeco
technology,egit,stefandirix
technology,egit,stefanlay
technology,egit,thomashallgren
technology,egit,thomaswolf
technology,egit,tobiasbaumann
technology,egit,tobiaspfeifer
technology,egit,tomaszzarna
technology,egit,waynebeaton
soa,bpmn2modeler,andrewyonce
soa,bpmn2modeler,benjaminwirtz
soa,bpmn2modeler,eclipsewebmaster
soa,bpmn2modeler,flaviodonze
soa,bpmn2modeler,garybrown
soa,bpmn2modeler,ivobek
soa,bpmn2modeler,madhubalavanam
soa,bpmn2modeler,marekbaluch
soa,bpmn2modeler,mauropoggianella
soa,bpmn2modeler,oliverkopp
soa,bpmn2modeler,projectinbox
soa,bpmn2modeler,ralphsoika
soa,bpmn2modeler,randeepsingh
soa,bpmn2modeler,robertbrodt
soa,bpmn2modeler,tsurdilosurdilovic
rt,smila,alexandereliseyev
rt,smila,allankaufmann
rt,smila,andreasschank
rt,smila,andreasweber
rt,smila,danielstucky
rt,smila,dmitryhazin
rt,smila,eclipsewebmaster
rt,smila,igornovakovic
rt,smila,ivanchurkin
rt,smila,juergenschumacher
rt,smila,mariuscimpean
rt,smila,mattward
rt,smila,michaelbreidenband
rt,smila,peterwissel
rt,smila,projectinbox
rt,smila,ralfrausch
rt,smila,sebastianvoigt
rt,smila,sofyazhbankova
rt,smila,thomasmenzel
technology,subversive,alexandergurov
technology,subversive,alexeigoncharov
technology,subversive,igorburilo
technology,subversive,igorvinnykov
technology,subversive,platformuiinbox
technology,subversive,projectinbox
technology,jgit,abhishekbhatnagar
technology,jgit,adriangoerler
technology,jgit,andreyloskutov
technology,jgit,bernardleach
technology,jgit,carstenpfeiffer
technology,jgit,chrisaniszczyk
technology,jgit,christianhalstrick
technology,jgit,christophbrill
technology,jgit,danimegert
technology,jgit,dariuszluksza
technology,jgit,fran챌oisrey
technology,jgit,georgeyoung
technology,jgit,jensbaumgart
technology,jgit,johneblen
technology,jgit,jonathannieder
technology,jgit,ketanpadegaonkar
technology,jgit,kevinsawicki
technology,jgit,laurentgoujon
technology,jgit,leonardbroman
technology,jgit,marcstrapetz
technology,jgit,mathiaskinzler
technology,jgit,mattfischer
technology,jgit,matthiassohn
technology,jgit,mikaelkarlsson
technology,jgit,philippthun
technology,jgit,piotrjanik
technology,jgit,projectinbox
technology,jgit,robinrosenberg
technology,jgit,robinstocker
technology,jgit,sasazivkov
technology,jgit,shawnpearce
technology,jgit,stefanlay
technology,jgit,tomaszzarna
webtools,libra,alexandersilgidjian
webtools,libra,dimitargiormov
webtools,libra,dimostoilov
webtools,libra,eclipsemanagementorganization
webtools,libra,hanneserven
webtools,libra,holgerstaudacher
webtools,libra,kaloyanraev
webtools,libra,libraeditorsprojectinbox
webtools,libra,milesparker
webtools,libra,muratyener
webtools,libra,nacidai
webtools,libra,projectinbox
webtools,libra,stefandimov
modeling,emf,alexlagarde
modeling,emf,alonpeled
modeling,emf,andredietisheim
modeling,emf,anthonyhunter
modeling,emf,berndkolb
modeling,emf,bertrandportier
modeling,emf,borisgruschko
modeling,emf,buckminster.coreinbox
modeling,emf,caspard.
modeling,emf,cedricbrun
modeling,emf,chrismcgee
modeling,emf,christianvogt
modeling,emf,christianw.damus
modeling,emf,damienthivolle
modeling,emf,davesteinberg
modeling,emf,davidcummings
modeling,emf,davidsciamma
modeling,emf,dennishuebner
modeling,emf,derektoolan
modeling,emf,doney
modeling,emf,dsdp.tm.rseinbox
modeling,emf,dummyinboxforemf
modeling,emf,eclipsemanagementorganization
modeling,emf,eclipsewebmaster
modeling,emf,edmerks
modeling,emf,egidijusvaisnora
modeling,emf,eikestepper
modeling,emf,elenalitani
modeling,emf,emfqueryinbox
modeling,emf,emftransactioninbox
modeling,emf,estebandugueperoux
modeling,emf,frankbudinsky
modeling,emf,gefinbox
modeling,emf,gmf.generationinbox
modeling,emf,gmf.modelsinbox
modeling,emf,hajoeichler
modeling,emf,hasanceylan
modeling,emf,ibrahimsallam
modeling,emf,jdtdebuginbox
modeling,emf,kennhussey
modeling,emf,lindadamus
modeling,emf,marcelopaternostro
modeling,emf,mariowinterer
modeling,emf,martinfluegge
modeling,emf,martintaal
modeling,emf,maximiliankoegel
modeling,emf,michaelvorburger
modeling,emf,michalruzicka
modeling,emf,neilskrypuch
modeling,emf,nickboldt
modeling,emf,pascallehmann
modeling,emf,platformantinbox
modeling,emf,platformuainbox
modeling,emf,projectinbox
modeling,emf,sauravsarkar
modeling,emf,shaunsmith
modeling,emf,silenioquarti
modeling,emf,simonmcduff
modeling,emf,stefanwinkler
modeling,emf,stephaneberle
modeling,emf,thomashallgren
modeling,emf,thomasschindl
modeling,emf,uml2inbox
modeling,emf,victorroldanbetancort
modeling,emf,vikaschandra
modeling,emf,vishyramaswamy
tools,cdt,adamward
tools,cdt,adrian
tools,cdt,adrianoltean
tools,cdt,alainmagloire
tools,cdt,alexanderkurtakov
tools,cdt,alexanderny횩en
tools,cdt,alexandersolganik
tools,cdt,alexblewitt
tools,cdt,alexchapiro
tools,cdt,alexfreidin
tools,cdt,alexruiz
tools,cdt,alvarosanchezleon
tools,cdt,andreweidsness
tools,cdt,andrewferguson
tools,cdt,andrewgvozdev
tools,cdt,andrewniefer
tools,cdt,annadushistova
tools,cdt,anthonyberent
tools,cdt,antonleherbauer
tools,cdt,arielgarcia
tools,cdt,axelmueller
tools,cdt,babelbugzillainbox
tools,cdt,balasubramaniyank
tools,cdt,balatorati
tools,cdt,bogdangheorghe
tools,cdt,brankodrevensek
tools,cdt,brentnicolle
tools,cdt,bryanwilkinson
tools,cdt,carlpuschak
tools,cdt,cdtbuildinbox
tools,cdt,cdtcodaninbox
tools,cdt,cdtcontribinbox
tools,cdt,cdtcppunitinbox
tools,cdt,cdtdebuginbox
tools,cdt,cdtlaunchinbox
tools,cdt,cdtrelenginbox
tools,cdt,chiubrad
tools,cdt,chrisrecoskie
tools,cdt,chriswiebe
tools,cdt,colinleitner
tools,cdt,dannyferreira
tools,cdt,danungureanu
tools,cdt,davewilliams
tools,cdt,daviddaoust
tools,cdt,daviddubrow
tools,cdt,davidinglis
tools,cdt,davidmcknight
tools,cdt,davidwilliams
tools,cdt,ddgeneralinbox
tools,cdt,devinsteffler
tools,cdt,dmitrykozlov
tools,cdt,dominicscharfe
tools,cdt,dougschaefer
tools,cdt,dsdp.tm.rseinbox
tools,cdt,eclipsewebmaster
tools,cdt,edswartz
tools,cdt,eduardscheske
tools,cdt,elenalaskavaia
tools,cdt,emanuelgraf
tools,cdt,enriquevarillas
tools,cdt,francoischouinard
tools,cdt,fredericriss
tools,cdt,gregwatson
tools,cdt,guybonneau
tools,cdt,hodaamer
tools,cdt,iuliavasii
tools,cdt,ivanfurnadjiev
tools,cdt,jamesblackburn
tools,cdt,jamesciesielski
tools,cdt,janbaeyens
tools,cdt,jasonmontojo
tools,cdt,jdttextinbox
tools,cdt,jeffjohnston
tools,cdt,jeffturnham
tools,cdt,jeremyhandcock
tools,cdt,jesseweinstein
tools,cdt,jkubasta
tools,cdt,johncamelon
tools,cdt,johncortell
tools,cdt,johndallaway
tools,cdt,johneblen
tools,cdt,johnliu
tools,cdt,jonahgraham
tools,cdt,jonathanwilliams
tools,cdt,jonbeniston
tools,cdt,josephhenry
tools,cdt,judyn.green
tools,cdt,karstenthoms
tools,cdt,kenryall
tools,cdt,kleohapitas
tools,cdt,l.frankturovich
tools,cdt,leotreggiari
tools,cdt,lingwang
tools,cdt,lukasfelber
tools,cdt,lukaswegmann
tools,cdt,marcandr챕laperle
tools,cdt,marcdumais
tools,cdt,marcgobeil
tools,cdt,marckhouzam
tools,cdt,marcostornelli
tools,cdt,marcosyfrig
tools,cdt,markusschorn
tools,cdt,martinlescuyer
tools,cdt,martinoberhuber
tools,cdt,martinschreiber
tools,cdt,martinstumpf
tools,cdt,matbooth
tools,cdt,mathieulapens챕e
tools,cdt,michaelwoski
tools,cdt,mikekucera
tools,cdt,mikewrighton
tools,cdt,mikhailkhodjaiants
tools,cdt,mikhailsennikovsky
tools,cdt,milivojelegenovic
tools,cdt,mohamedazab
tools,cdt,morriskwan
tools,cdt,mortenkristiansen
tools,cdt,nathanridge
tools,cdt,norbertpl철tt
tools,cdt,olegkrasilnikov
tools,cdt,pascalrapicault
tools,cdt,patrickchuong
tools,cdt,paulogarcia
tools,cdt,pawelpiech
tools,cdt,pdebuildinbox
tools,cdt,petergraves
tools,cdt,petrituononen
tools,cdt,philiplanger
tools,cdt,pierrealexandremasse
tools,cdt,piotraniola
tools,cdt,platformdebuginbox
tools,cdt,projectinbox
tools,cdt,randyrohrbach
tools,cdt,raphaelzulliger
tools,cdt,ravithejaaddepally
tools,cdt,raymondqiu
tools,cdt,richardeames
tools,cdt,rickmoseley
tools,cdt,robertooliveira
tools,cdt,robertweisz
tools,cdt,rodneydowdall
tools,cdt,rolandgrunberg
tools,cdt,samanthachan
tools,cdt,samrobb
tools,cdt,seanevoy
tools,cdt,sebastienmarineau
tools,cdt,sergebeauchamp
tools,cdt,sergeygrant
tools,cdt,sergeyprigogin
tools,cdt,simonmarchi
tools,cdt,sunildavasam
tools,cdt,tanyamarisedesousa
tools,cdt,tanyawolff
tools,cdt,tedwilliams
tools,cdt,teodormadan
tools,cdt,thomascorbat
tools,cdt,thomasfletcher
tools,cdt,tonisuter
tools,cdt,torkildresheim
tools,cdt,uwethiele
tools,cdt,veenukhanna
tools,cdt,victorlenet
tools,cdt,victormozgin
tools,cdt,vincentguignot
tools,cdt,viviankong
tools,cdt,wainerdossantosmoschetta
tools,cdt,warrenpaul
tools,cdt,williamriley
tools,cdt,williamswanson
tools,cdt,wli
tools,cdt,xavierraynaud
tools,cdt,yasserelmankabady
tools,cdt,yz.jiang
tools,cdt,zhangyi
modeling,amp,jonasruttimann
modeling,amp,milesparker
modeling,amp,ursfrei
modeling,eef,eefinbox
modeling,eef,goulwenlefur
modeling,eef,melaniebats
modeling,eef,nathalielepine
modeling,eef,patricktessier
modeling,eef,pierrecharlesdavid
modeling,eef,projectinbox
modeling,eef,stephanebegaudeau
modeling,eef,stephanebouchet
tools,orbit,andreasweber
tools,orbit,andrewoverholt
tools,orbit,anthonyhunter
tools,orbit,austinriddle
tools,orbit,blaisedoughan
tools,orbit,borisbokowski
tools,orbit,chrisaniszczyk
tools,orbit,christiancampo
tools,orbit,christiankrause
tools,orbit,christianw.damus
tools,orbit,danailbranekov
tools,orbit,danielleberre
tools,orbit,davidcarver
tools,orbit,davidgreen
tools,orbit,davidwilliams
tools,orbit,djhoughton
tools,orbit,eclipsewebmaster
tools,orbit,edwinpark
tools,orbit,erwindeley
tools,orbit,evgenymandrikov
tools,orbit,gunnarwagenknecht
tools,orbit,huguesmalphettes
tools,orbit,jeffmcaffer
tools,orbit,joelcayne
tools,orbit,ketanpadegaonkar
tools,orbit,kimmoir
tools,orbit,krzysztofdaniel
tools,orbit,larsvogel
tools,orbit,lazarkirchev
tools,orbit,marcandr챕laperle
tools,orbit,marcelbruch
tools,orbit,markuskuppe
tools,orbit,martinoberhuber
tools,orbit,martinvojtek
tools,orbit,matthiassohn
tools,orbit,michaelrennie
tools,orbit,mike
tools,orbit,nicholasloulloudes
tools,orbit,nicolasbros
tools,orbit,nobodyfeelfreetotakeit
tools,orbit,oisinhurley
tools,orbit,oliverwolf
tools,orbit,orbitbundles
tools,orbit,pascalrapicault
tools,orbit,projectinbox
tools,orbit,robertwetzold
tools,orbit,rolandgrunberg
tools,orbit,royganor
tools,orbit,ryanbrooks
tools,orbit,sarikasinha
tools,orbit,sebastianzarnekow
tools,orbit,simonkaegi
tools,orbit,steffenpingel
tools,orbit,stephanleichtvogt
tools,orbit,stuartmcculloch
tools,orbit,thomasschindl
tools,orbit,thomaswatson
tools,orbit,tomware
tools,orbit,torkildresheim
tools,orbit,wernerkeil
tools,orbit,xiaoyinggu
technology,sapphire,gregamerson
technology,sapphire,konstantinkomissarchik
technology,sapphire,linghao
technology,sapphire,projectinbox
technology,sapphire,shenxuezhou
tools,oomph,andreasscharf
tools,oomph,andreassewe
tools,oomph,andreyloskutov
tools,oomph,edmerks
tools,oomph,eikestepper
tools,oomph,fredericebelshaeuser
tools,oomph,jaxsunmccarthyhuggan
tools,oomph,julianenoch
tools,oomph,marcelbruch
tools,oomph,mika챘lbarbero
tools,oomph,pascalrapicault
tools,oomph,projectinbox
tools,oomph,stefanxenos
tools,gef,alexanderny횩en
tools,gef,alexboyko
tools,gef,anthonyhunter
tools,gef,brendancurranjohnson
tools,gef,cherierevells
tools,gef,danlee
tools,gef,eclipsewebmaster
tools,gef,ericbordeau
tools,gef,fabiansteeg
tools,gef,gefinbox
tools,gef,ianbull
tools,gef,jakubjurkiewicz
tools,gef,jamesbruck
tools,gef,karlmatthias
tools,gef,lidijagrahek
tools,gef,marcgobeil
tools,gef,matthiaswienand
tools,gef,mohammedmostafa
tools,gef,nickboldt
tools,gef,nickedgar
tools,gef,pierrecarlson
tools,gef,platformuiinbox
tools,gef,pratikshah
tools,gef,randyhudson
tools,gef,stevenr.shaw
tools,gef,syedatif
tools,gef,tamasmiklossy
tools,gef,tommacdougall
tools,gef,whitneysorenson
tools,gef,zoltanujhelyi
technology,scout,a.del.
technology,scout,adrianmoser
technology,scout,adriansacchi
technology,scout,adrianstaudt
technology,scout,alexschroeder
technology,scout,andibur
technology,scout,andreashoegger
technology,scout,andrelohrenz
technology,scout,andrewegmueller
technology,scout,arthurvd
technology,scout,barustr.
technology,scout,beatschwarzentrub
technology,scout,bertinkiekebosch
technology,scout,birgitk철rschgen
technology,scout,brunokoeferli
technology,scout,christianbraun
technology,scout,christiand철bele
technology,scout,christophbr채unlich
technology,scout,christophschwank
technology,scout,christophstrickler
technology,scout,christophthommen
technology,scout,claudioguglielmo
technology,scout,danielbroennimann
technology,scout,danielschmid
technology,scout,danielwiehl
technology,scout,dennisgeesen
technology,scout,erichsteiger
technology,scout,erikbauer
technology,scout,florianwidmer
technology,scout,hannesmueller
technology,scout,holgerheymanns
technology,scout,ivanmotsch
technology,scout,janko탑usznik
technology,scout,janput
technology,scout,jeremiebresson
technology,scout,judithgull
technology,scout,karstenthoms
technology,scout,kenlee
technology,scout,lucienhansen
technology,scout,marcelschneider
technology,scout,marcodescher
technology,scout,marcodorfliger
technology,scout,marionwenger
technology,scout,marthaluciacadavid
technology,scout,martinsoemer
technology,scout,matthiasfischer
technology,scout,matthiashunecker
technology,scout,matthiasnick
technology,scout,matthiasotterbach
technology,scout,matthiaszimmermann
technology,scout,michaelrudolf
technology,scout,michaelschaufelbergermsa
technology,scout,michaelschmuki
technology,scout,michihausheer
technology,scout,nathanburgherr
technology,scout,nicolasborn
technology,scout,nilsisrael
technology,scout,olischmid
technology,scout,otmarcaduff
technology,scout,patrickb채nziger
technology,scout,patriksuzzi
technology,scout,paulheiniz
technology,scout,peterbarthazy
technology,scout,philippejacot
technology,scout,projectinbox
technology,scout,rainern.
technology,scout,ralphsteiner
technology,scout,raymondjansen
technology,scout,remoarpagaus
technology,scout,ren챕eigenheer
technology,scout,retoaschwanden
technology,scout,samueleiben
technology,scout,samuelrenold
technology,scout,sandroblum
technology,scout,sandroschifferle
technology,scout,seranocolameo
technology,scout,simongerber
technology,scout,stathisalexopoulos
technology,scout,stefanvogt
technology,scout,stephanleichtvogt
technology,scout,stephanmerkli
technology,scout,thomasschweigler
technology,scout,thomassiegrist
technology,scout,tobiasschlatter
technology,scout,torstentrompler
technology,scout,ursbeeli
technology,scout,wallacexumisingname
technology,scout,wolfgang철lfel
rt,ecf,abnerballardo
rt,ecf,angelozerr
rt,ecf,cagataycalli
rt,ecf,chrisaniszczyk
rt,ecf,christophschwering
rt,ecf,danilaermakov
rt,ecf,ecf.coreinbox
rt,ecf,ecf.docinbox
rt,ecf,ecf.examplesinbox
rt,ecf,ecf.testinbox
rt,ecf,eclipsewebmaster
rt,ecf,erkkilindpere
rt,ecf,ferencboldog
rt,ecf,francescoguidieri
rt,ecf,harshanaerangamartin
rt,ecf,isuruudana
rt,ecf,jacekpospychala
rt,ecf,jakubjurkiewicz
rt,ecf,jamessugrue
rt,ecf,jans.rellermeyer
rt,ecf,kengilmer
rt,ecf,marcelomayworm
rt,ecf,mariotchauvin
rt,ecf,markuskuppe
rt,ecf,matbooth
rt,ecf,moritzpost
rt,ecf,mustafak.isik
rt,ecf,pavelsamolisov
rt,ecf,peternehrer
rt,ecf,pierrehenryperret
rt,ecf,remysuen
rt,ecf,rolandfru
rt,ecf,scottlewis
rt,ecf,tedkubaska
rt,ecf,vincenzocaselli
rt,ecf,willianmitsuda
rt,ecf,wimjongman
rt,ecf,yuriylopotun
technology,babel,alexejstrelzow
technology,babel,antoinetoulm챕
technology,babel,babelbugzillainbox
technology,babel,babelserverinbox
technology,babel,denisroy
technology,babel,eclipsewebmaster
technology,babel,elenanayashkova
technology,babel,gabeobrien
technology,babel,huguesmalphettes
technology,babel,kathy
technology,babel,kitlo
technology,babel,nigelwestbury
technology,babel,pascalessiembre
technology,babel,satoruyoshida
technology,babel,todcreasey
technology,mpc,achimloerke
technology,mpc,benjaminmuskalla
technology,mpc,carstenreckord
technology,mpc,christopherguindon
technology,mpc,davidgreen
technology,mpc,eclipsewebmaster
technology,mpc,ianskerrett
technology,mpc,marketplaceinbox
technology,mpc,mickaelistria
technology,mpc,nathangervais
technology,mpc,projectinbox
technology,mpc,steffenpingel
technology,mpc,thomasehrnhoefer
technology,mpc,thomashallgren
technology,efxclipse,christophcaks
technology,efxclipse,crossprojectissues
technology,efxclipse,martinbluehweis
technology,efxclipse,pdeapitoolsinbox
technology,efxclipse,projectinbox
technology,efxclipse,thomasschindl
technology,efxclipse,torstensommer
tools,tracecompass,alexandremontplaisir
tools,tracecompass,berndhufmann
tools,tracecompass,brunoroy
tools,tracecompass,genevievebastien
tools,tracecompass,marcandr챕laperle
tools,tracecompass,matthewkhouzam
tools,tracecompass,patricktasse
tools,tracecompass,projectinbox
tools,tracecompass,robertkiss
technology,epf,aitor
technology,epf,aitorbediaga
technology,epf,alb
technology,epf,alexchen
technology,epf,anapereira
technology,epf,andrewhunt
technology,epf,andrewmaselli
technology,epf,benhaith
technology,epf,benwilliams
technology,epf,bingxuexu
technology,epf,bjorngustafsson
technology,epf,briang.lyons
technology,epf,brianschlosser
technology,epf,brucemacisaac
technology,epf,charlieyan
technology,epf,chrisarmstrong
technology,epf,chrisdoyle
technology,epf,chrissibbald
technology,epf,colin.ocsolutions
technology,epf,contenttranslationinbox
technology,epf,danaspears
technology,epf,danpopescu
technology,epf,epf.contentinbox
technology,epf,epf.documentationinbox
technology,epf,epf.toolinbox
technology,epf,epf.websiteinbox
technology,epf,ezequielcuellar
technology,epf,hopesharedlee
technology,epf,huxiangdong
technology,epf,jaananyfjord
technology,epf,jamesthario
technology,epf,jaotham
technology,epf,jasmadhur
technology,epf,jeffhardy
technology,epf,jeffsmith
technology,epf,jiangxuan
technology,epf,jimruehlin
technology,epf,jochenkrebs
technology,epf,jonathanhuang
technology,epf,julieryder
technology,epf,jxi
technology,epf,kelvinlow
technology,epf,kenclyne
technology,epf,kimwerner
technology,epf,kirtivaidya
technology,epf,kurtsand
technology,epf,leonardomedeiros
technology,epf,lizcarroll
technology,epf,lokanathjagga
technology,epf,lyndonwashington
technology,epf,markdickson
technology,epf,marklines
technology,epf,markrichardbrown
technology,epf,melissawood
technology,epf,minggu
technology,epf,nateoster
technology,epf,naveenabereny
technology,epf,onnovanderstraaten
technology,epf,paulomoreira
technology,epf,perkroll
technology,epf,peterhaumer
technology,epf,phongnguyenle
technology,epf,ravibellamkonda
technology,epf,ricardobalduino
technology,epf,sallyhehir
technology,epf,scottambler
technology,epf,shashidharkannoori
technology,epf,shilpatoraskar
technology,epf,srinidhinarayan
technology,epf,steveadolph
technology,epf,toddfredrickson
technology,epf,wagnerjunior
technology,epf,wangjun
technology,epf,weipinglu
technology,epf,wilmawang
technology,epf,xiaodanxia
technology,osee,andrewfinkbeiner
technology,osee,andyjury
technology,osee,angelavila
technology,osee,christinepleasent
technology,osee,davidmiller
technology,osee,davidphillips
technology,osee,donalddunne
technology,osee,jeffphillips
technology,osee,joelrosischwartz
technology,osee,johnmisinco
technology,osee,johnszijjarto
technology,osee,karolwilk
technology,osee,markjoy
technology,osee,megumitelles
technology,osee,oseeinbox
technology,osee,paulwaldfogel
technology,osee,projectinbox
technology,osee,robertoescobar
technology,osee,ryanbrooks
technology,osee,ryanschmitt
technology,osee,s.cook
technology,osee,sumyjoseph
technology,osee,swapnamisingname
technology,osee,theronvirgin
technology,osee,waltervorhees
eclipse,jdt,achimdemelt
eclipse,jdt,adamkiezun
eclipse,jdt,alexanderkurtakov
eclipse,jdt,alexanderrookey
eclipse,jdt,alexblewitt
eclipse,jdt,alexpanchenko
eclipse,jdt,andreasschmid
eclipse,jdt,andreassewe
eclipse,jdt,andrejzachar
eclipse,jdt,andrewclement
eclipse,jdt,andreweinand
eclipse,jdt,andreweisenberg
eclipse,jdt,andreyloskutov
eclipse,jdt,andr챕eproulx
eclipse,jdt,andr챕s첩reng
eclipse,jdt,anirbanchakraborty
eclipse,jdt,antontanasenko
eclipse,jdt,ayushmanjain
eclipse,jdt,benjaminmuskalla
eclipse,jdt,bennobaumgartner
eclipse,jdt,billyhuang
eclipse,jdt,bj철rnmichael
eclipse,jdt,borisshingarov
eclipse,jdt,boyachok
eclipse,jdt,briandealwis
eclipse,jdt,brianmcnamara
eclipse,jdt,camilolopes
eclipse,jdt,camthule
eclipse,jdt,carmigrushko
eclipse,jdt,carstenpfeiffer
eclipse,jdt,cbidummyuser
eclipse,jdt,christianbuck
eclipse,jdt,christiangeorgi
eclipse,jdt,christianplesnerhansen
eclipse,jdt,christilt
eclipse,jdt,christofmarti
eclipse,jdt,claudeknaus
eclipse,jdt,conradgroth
eclipse,jdt,cromacampus
eclipse,jdt,curtiswindatt
eclipse,jdt,danielrsomerfield
eclipse,jdt,danimegert
eclipse,jdt,darinswanson
eclipse,jdt,darinwright
eclipse,jdt,davidaudel
eclipse,jdt,davidsaff
eclipse,jdt,davidwilliams
eclipse,jdt,deepakazad
eclipse,jdt,dejanglozic
eclipse,jdt,dirkbaeumer
eclipse,jdt,dirkolmes
eclipse,jdt,djhoughton
eclipse,jdt,dorianbirsan
eclipse,jdt,dusisarathchandra
eclipse,jdt,eclipsewebmaster
eclipse,jdt,edmerks
eclipse,jdt,eduardopereira
eclipse,jdt,equinox.frameworkinbox
eclipse,jdt,erichgamma
eclipse,jdt,ericjodet
eclipse,jdt,erolko챌
eclipse,jdt,ferenchechler
eclipse,jdt,francisuptoniv
eclipse,jdt,franktip
eclipse,jdt,fredericfusier
eclipse,jdt,fritsjalvingh
eclipse,jdt,gaborkovesdan
eclipse,jdt,garybarbon
eclipse,jdt,garyhoren
eclipse,jdt,genadyberyozkin
eclipse,jdt,genericinboxforthejdtaptcomponent
eclipse,jdt,gilimendel
eclipse,jdt,gmf.docsinbox
eclipse,jdt,grantgayed
eclipse,jdt,haraldalbers
eclipse,jdt,harryterkelsen
eclipse,jdt,holgerschill
eclipse,jdt,ievgenlukash
eclipse,jdt,igorfedorenko
eclipse,jdt,janrosczak
eclipse,jdt,jaredburns
eclipse,jdt,jayarthanareeswaran
eclipse,jdt,jdtcoreinbox
eclipse,jdt,jdtcoretriaged
eclipse,jdt,jdtdebuginbox
eclipse,jdt,jdtdocinbox
eclipse,jdt,jdttextinbox
eclipse,jdt,jdtuiinbox
eclipse,jdt,jedanderson
eclipse,jdt,jeffmcaffer
eclipse,jdt,jensschiebel
eclipse,jdt,jeremiebresson
eclipse,jdt,jeromecambon
eclipse,jdt,jeromelanneluc
eclipse,jdt,jesperkamstruplinnet
eclipse,jdt,jespermoller
eclipse,jdt,jessgarms
eclipse,jdt,jimdesrivieres
eclipse,jdt,joeszurszewski
eclipse,jdt,johnglassmyer
eclipse,jdt,johnryding
eclipse,jdt,johnwiegand
eclipse,jdt,jonahgraham
eclipse,jdt,joseflehner
eclipse,jdt,jsfprojectui
eclipse,jdt,kaiuwemaetzel
eclipse,jdt,kalyanprasadtatavarthi
eclipse,jdt,karihalsted
eclipse,jdt,karstenbecker
eclipse,jdt,kennetholson
eclipse,jdt,kentjohnson
eclipse,jdt,kevinbarnes
eclipse,jdt,kevinhaaland
eclipse,jdt,kevinmcguire
eclipse,jdt,kimhorne
eclipse,jdt,kimmoir
eclipse,jdt,krzysztofmichalski
eclipse,jdt,lakshmishanmugam
eclipse,jdt,larsvogel
eclipse,jdt,leoufimtsev
eclipse,jdt,lucbourlier
eclipse,jdt,lukashanke
eclipse,jdt,lysathor
eclipse,jdt,manjumathew
eclipse,jdt,manojpalat
eclipse,jdt,marcelbruch
eclipse,jdt,markushuebscher
eclipse,jdt,markuskeller
eclipse,jdt,markusoley
eclipse,jdt,martinaeschlimann
eclipse,jdt,martinrobertson
eclipse,jdt,matbooth
eclipse,jdt,mateuszmatela
eclipse,jdt,mateuszwenus
eclipse,jdt,matthiasbecker
eclipse,jdt,matthiasmailaender
eclipse,jdt,maximedaniel
eclipse,jdt,maxl.
eclipse,jdt,michaeld.elder
eclipse,jdt,michaelrennie
eclipse,jdt,michaelt.brown
eclipse,jdt,michaelvanmeekeren
eclipse,jdt,mickaelistria
eclipse,jdt,midhunvishnukripa
eclipse,jdt,mikekaufman
eclipse,jdt,mikkersten
eclipse,jdt,moritzeysholdt
eclipse,jdt,moshewajnberg
eclipse,jdt,nickedgar
eclipse,jdt,nicolajhoess
eclipse,jdt,nikolaymetchev
eclipse,jdt,noopurawayuntil27feb
eclipse,jdt,noopurgupta
eclipse,jdt,olivierthomann
eclipse,jdt,patriksuzzi
eclipse,jdt,paulfullbright
eclipse,jdt,paulwebster
eclipse,jdt,pawelpiech
eclipse,jdt,pdeuiinbox
eclipse,jdt,philipemulet
eclipse,jdt,philipmayer
eclipse,jdt,philippemarschall
eclipse,jdt,platformantinbox
eclipse,jdt,platformdebuginbox
eclipse,jdt,platformhelpinbox
eclipse,jdt,platformrelenginbox
eclipse,jdt,platformresourcesinbox
eclipse,jdt,platformruntimeinbox
eclipse,jdt,platformsearchinbox
eclipse,jdt,platformswtinbox
eclipse,jdt,platformteaminbox
eclipse,jdt,platformtextinbox
eclipse,jdt,platformuainbox
eclipse,jdt,platformuiinbox
eclipse,jdt,platformuitriaged
eclipse,jdt,platformvcminbox
eclipse,jdt,pradeepbalachandran
eclipse,jdt,prakashrangaraj
eclipse,jdt,projectinbox
eclipse,jdt,rabeagransberger
eclipse,jdt,rajesh
eclipse,jdt,rakshavasisht
eclipse,jdt,randyfaust
eclipse,jdt,rdabra
eclipse,jdt,robertkonigsberg
eclipse,jdt,robertm.fuhrer
eclipse,jdt,robertroth
eclipse,jdt,rorylucyshynwright
eclipse,jdt,samanthachan
eclipse,jdt,samratdhillon
eclipse,jdt,sandralions
eclipse,jdt,sarikasinha
eclipse,jdt,sasikanthbharadwaj
eclipse,jdt,satyamkandula
eclipse,jdt,sergeyprigogin
eclipse,jdt,shankhabanerjee
eclipse,jdt,silviob철hler
eclipse,jdt,snjezanapeco
eclipse,jdt,soniadimitrov
eclipse,jdt,srikanthsankaran
eclipse,jdt,stefanocke
eclipse,jdt,stefanxenos
eclipse,jdt,stephanherrmann
eclipse,jdt,stevenspungin
eclipse,jdt,svenstrohschein
eclipse,jdt,szymonptaszkiewicz
eclipse,jdt,terryparker
eclipse,jdt,thanhha
eclipse,jdt,theodorayeung
eclipse,jdt,thomasm??der
eclipse,jdt,tillbay
eclipse,jdt,tillbrychcy
eclipse,jdt,timhanson
eclipse,jdt,tobiaswidmer
eclipse,jdt,todcreasey
eclipse,jdt,tomaszzarna
eclipse,jdt,tomeicher
eclipse,jdt,tomhofmann
eclipse,jdt,tonymccrary
eclipse,jdt,troybishop
eclipse,jdt,ulrichgrave
eclipse,jdt,unknownuser
eclipse,jdt,vladimirpiskarev
eclipse,jdt,walterharley
eclipse,jdt,wassimmelhem
eclipse,jdt,webtoolsdevelopers
eclipse,jdt,wstinbox
eclipse,jdt,xaviercoulon
eclipse,jdt,yenlu
eclipse,jdt,yvesjoan
technology,recommenders.incubator,akifetkue
technology,recommenders.incubator,andreassewe
technology,recommenders.incubator,ashwinjha
technology,recommenders.incubator,johannesdorn
technology,recommenders.incubator,marcelbruch
technology,recommenders.incubator,olavlenz
technology,recommenders.incubator,patrickgottschaemmer
technology,recommenders.incubator,stefanprisca
technology,recommenders.incubator,timurachmetow
technology,recommenders.incubator,yasseraziza
mylyn,mylyn,abnerballardo
mylyn,mylyn,alexblewitt
mylyn,mylyn,alexpiggott
mylyn,mylyn,anatolytechtonik
mylyn,mylyn,andreassewe
mylyn,mylyn,andreweisenberg
mylyn,mylyn,andrewoverholt
mylyn,mylyn,attilasz철kr철ny철s
mylyn,mylyn,balazsbrinkus
mylyn,mylyn,benjaminmuskalla
mylyn,mylyn,benjaminpasero
mylyn,mylyn,bjornfreemanbenson
mylyn,mylyn,borispruessmann
mylyn,mylyn,brandondong
mylyn,mylyn,briandealwis
mylyn,mylyn,brockjaniczak
mylyn,mylyn,bryanhunt
mylyn,mylyn,carstenreckord
mylyn,mylyn,chrisaniszczyk
mylyn,mylyn,chriscallendar
mylyn,mylyn,chrispoon
mylyn,mylyn,christiandupuis
mylyn,mylyn,colinritchie
mylyn,mylyn,darrentarbard
mylyn,mylyn,davidgreen
mylyn,mylyn,davidshepherd
mylyn,mylyn,delmyers
mylyn,mylyn,denisroy
mylyn,mylyn,dmitrystadnik
mylyn,mylyn,duckysherwood
mylyn,mylyn,eclipsemanagementorganization
mylyn,mylyn,eclipsewebmaster
mylyn,mylyn,eugenekuleshov
mylyn,mylyn,fabiozadrozny
mylyn,mylyn,felixschwarz
mylyn,mylyn,flaviodonze
mylyn,mylyn,frankbecker
mylyn,mylyn,gailmurphy
mylyn,mylyn,genericinboxforthejdtaptcomponent
mylyn,mylyn,georgelindholm
mylyn,mylyn,greggibeling
mylyn,mylyn,gunnarwagenknecht
mylyn,mylyn,hasanceylan
mylyn,mylyn,helenbershadskaya
mylyn,mylyn,hiroyuki
mylyn,mylyn,ianbull
mylyn,mylyn,igorfedorenko
mylyn,mylyn,izzetsafer
mylyn,mylyn,jacekjaroczynski
mylyn,mylyn,jacekpospychala
mylyn,mylyn,jacqueslescot
mylyn,mylyn,jakubjurkiewicz
mylyn,mylyn,jameskennedy
mylyn,mylyn,jaxsunmccarthyhuggan
mylyn,mylyn,jeanmichellemieux
mylyn,mylyn,jeffpound
mylyn,mylyn,jevgeniholodkov
mylyn,mylyn,jingwenowenou
mylyn,mylyn,jochenhiller
mylyn,mylyn,johnanvik
mylyn,mylyn,josephmarques
mylyn,mylyn,juergbilleter
mylyn,mylyn,juliogesser
mylyn,mylyn,kensueda
mylyn,mylyn,ketanpadegaonkar
mylyn,mylyn,kevinbarnes
mylyn,mylyn,kevinsawicki
mylyn,mylyn,kilianmatt
mylyn,mylyn,kitlo
mylyn,mylyn,leahfindlater
mylyn,mylyn,leodossantos
mylyn,mylyn,leoufimtsev
mylyn,mylyn,lubospochman
mylyn,mylyn,maartenmeijer
mylyn,mylyn,markkraljtaylor
mylyn,mylyn,markphippard
mylyn,mylyn,matbooth
mylyn,mylyn,mattchapman
mylyn,mylyn,meghan
mylyn,mylyn,michaelvalenta
mylyn,mylyn,mika챘lbarbero
mylyn,mylyn,mikkersten
mylyn,mylyn,milesparker
mylyn,mylyn,mylyninbox
mylyn,mylyn,nathanhapke
mylyn,mylyn,pawelniewiadomski
mylyn,mylyn,peterkullmann
mylyn,mylyn,peterstibrany
mylyn,mylyn,philippemarschall
mylyn,mylyn,platformtextinbox
mylyn,mylyn,platformuiinbox
mylyn,mylyn,projectinbox
mylyn,mylyn,randallbecker
mylyn,mylyn,raphaelackermann
mylyn,mylyn,redsolo
mylyn,mylyn,remysuen
mylyn,mylyn,robertelves
mylyn,mylyn,robertmunteanu
mylyn,mylyn,samdavis
mylyn,mylyn,shawnminto
mylyn,mylyn,stefanlanger
mylyn,mylyn,steffenpingel
mylyn,mylyn,steveelsemore
mylyn,mylyn,subhashgopalakrishnan
mylyn,mylyn,suzannethompson
mylyn,mylyn,taivoevard
mylyn,mylyn,terrydenney
mylyn,mylyn,thomasehrnhoefer
mylyn,mylyn,timurachmetow
mylyn,mylyn,tobiaswidmer
mylyn,mylyn,tomaszzarna
mylyn,mylyn,toomasromer
mylyn,mylyn,torkildresheim
mylyn,mylyn,vaughanhilts
mylyn,mylyn,wangbin
mylyn,mylyn,waynebeaton
mylyn,mylyn,wesleycoelho
mylyn,mylyn,willianmitsuda
mylyn,mylyn,xiaoyangguan
mylyn,mylyn,yuristrot
tools,atf,adampeller
tools,atf,ginobustelo
tools,atf,inbox
tools,atf,jacekpospychala
tools,atf,javierpedemonte
tools,atf,kevinsawicki
tools,atf,philippeombredanne
tools,atf,robertgoodman
tools,atf,webtools.releng
tools,aspectj,adriancolyer
tools,aspectj,ajdtinbox
tools,aspectj,alexandrevasseur
tools,aspectj,andrewclement
tools,aspectj,andrewjhuff
tools,aspectj,aspectjinbox
tools,aspectj,barry
tools,aspectj,erikhilsdale
tools,aspectj,genericinboxforthejdtaptcomponent
tools,aspectj,georgeharley
tools,aspectj,helenbeeken
tools,aspectj,jimhugunin
tools,aspectj,krisdevolder
tools,aspectj,mattchapman
tools,aspectj,matthewwebster
tools,aspectj,mikkersten
tools,aspectj,nealeupstone
tools,aspectj,toolspmcbugzillainbox
tools,aspectj,unknownuser
tools,aspectj,wesisberg
modeling,modeling,anthonyhunter
modeling,modeling,christianw.damus
modeling,modeling,denisroy
modeling,modeling,eclipsemanagementorganization
modeling,modeling,eclipsewebmaster
modeling,modeling,edmerks
modeling,modeling,eikestepper
modeling,modeling,fr챕d챕ricjouault
modeling,modeling,jonashelming
modeling,modeling,karlmatthias
modeling,modeling,kennhussey
modeling,modeling,maxfeldman
modeling,modeling,neilskrypuch
modeling,modeling,nickboldt
modeling,modeling,peterfriese
modeling,modeling,phoenix.ui
modeling,modeling,platformuiinbox
modeling,modeling,richardgronback
technology,swtbot,alexandersilgidjian
technology,swtbot,aparnaargade
technology,swtbot,aurelienpupier
technology,swtbot,cdtbuildinbox
technology,swtbot,hansschwaebli
technology,swtbot,isaacarvestad
technology,swtbot,joeluebker
technology,swtbot,johncortell
technology,swtbot,ketanpadegaonkar
technology,swtbot,ketanpatel
technology,swtbot,kristinejetzke
technology,swtbot,lorenzobettini
technology,swtbot,marcandr챕laperle
technology,swtbot,mariotchauvin
technology,swtbot,markr철sler
technology,swtbot,martinschemel
technology,swtbot,michaelkeppler
technology,swtbot,pascalg챕linas
technology,swtbot,patricktasse
technology,swtbot,pierrecharlesdavid
technology,swtbot,projectinbox
technology,swtbot,rastislavwagner
technology,swtbot,stephanebouchet
technology,swtbot,thomaswolf
technology,swtbot,vaclavkadlcik
rt,equinox,aldoeisma
rt,equinox,alexanderkurtakov
rt,equinox,alexblewitt
rt,equinox,allangodding
rt,equinox,andreassewe
rt,equinox,andrewcattle
rt,equinox,andrewniefer
rt,equinox,andrewoverholt
rt,equinox,andreyloskutov
rt,equinox,anthonydahanne
rt,equinox,arunthondapu
rt,equinox,bartoszmichalik
rt,equinox,benjaminmuskalla
rt,equinox,bensonwong
rt,equinox,bjhargrave
rt,equinox,bogdangheorghe
rt,equinox,cbidummyuser
rt,equinox,chrisaniszczyk
rt,equinox,christiangeorgi
rt,equinox,danielleberre
rt,equinox,danimegert
rt,equinox,davestevenson
rt,equinox,davidboxer
rt,equinox,daviddubrow
rt,equinox,davidgreen
rt,equinox,davidweiser
rt,equinox,davidwilliams
rt,equinox,deanroberts
rt,equinox,djhoughton
rt,equinox,dorianbirsan
rt,equinox,dougschaefer
rt,equinox,ecf.coreinbox
rt,equinox,eclipsewebmaster
rt,equinox,elenalaskavaia
rt,equinox,equinox.compendiuminbox
rt,equinox,equinox.componentsinbox
rt,equinox,equinox.frameworkinbox
rt,equinox,equinox.incubatorinbox
rt,equinox,equinox.serversideinbox
rt,equinox,equinox.websiteinbox
rt,equinox,ericwilliams
rt,equinox,ericwli
rt,equinox,glynnormington
rt,equinox,grantgayed
rt,equinox,gunnarwagenknecht
rt,equinox,hamdanmsheik
rt,equinox,henrichkraemer
rt,equinox,henriklindberg
rt,equinox,ianbull
rt,equinox,janoveweichel
rt,equinox,jedanderson
rt,equinox,jeffmcaffer
rt,equinox,jenniferfogell
rt,equinox,jenskuebler
rt,equinox,jimgajnak
rt,equinox,johnarthorne
rt,equinox,johnross
rt,equinox,kameshsampath
rt,equinox,karicemcintyre
rt,equinox,katyastoycheva
rt,equinox,kevinbarnes
rt,equinox,kimhorne
rt,equinox,kimmoir
rt,equinox,konradkolosowski
rt,equinox,kristenbalhoff
rt,equinox,krzysztofdaniel
rt,equinox,larsvogel
rt,equinox,lazarkirchev
rt,equinox,markuskeller
rt,equinox,martinlippert
rt,equinox,matbooth
rt,equinox,mattflaherty
rt,equinox,matthewpiggott
rt,equinox,mengxinzhu
rt,equinox,michaeladada
rt,equinox,mickaelistria
rt,equinox,mika챘lbarbero
rt,equinox,mykolanikishov
rt,equinox,mylyninbox
rt,equinox,nickedgar
rt,equinox,nirajmodi
rt,equinox,noopurgupta
rt,equinox,olegbesedin
rt,equinox,oliviergruber
rt,equinox,olivierthomann
rt,equinox,p2inbox
rt,equinox,pamtobias
rt,equinox,pascalrapicault
rt,equinox,patricktasse
rt,equinox,pavlindobrev
rt,equinox,pdebuildinbox
rt,equinox,pdeuiinbox
rt,equinox,platformresourcesinbox
rt,equinox,platformruntimeinbox
rt,equinox,platformteaminbox
rt,equinox,platformuiinbox
rt,equinox,platformuitriaged
rt,equinox,platformupdateinbox
rt,equinox,pradeepbalachandran
rt,equinox,prashantdeva
rt,equinox,projectinbox
rt,equinox,rafaelchaves
rt,equinox,raymondauge
rt,equinox,rolandgrunberg
rt,equinox,ruibinzhou
rt,equinox,sambratton
rt,equinox,scottlewis
rt,equinox,securityinbox
rt,equinox,sergeyprigogin
rt,equinox,shenolyousouf
rt,equinox,silenioquarti
rt,equinox,simonarcher
rt,equinox,simonkaegi
rt,equinox,snjezanapeco
rt,equinox,soniadimitrov
rt,equinox,sopotcela
rt,equinox,sravankumarlakkimsetti
rt,equinox,stefanliebig
rt,equinox,stefanxenos
rt,equinox,steffenpingel
rt,equinox,stevefrancisco
rt,equinox,stoyanboshev
rt,equinox,susanmccourt
rt,equinox,szymonptaszkiewicz
rt,equinox,tedhabeck
rt,equinox,thanhha
rt,equinox,thirumalareddymutchukota
rt,equinox,thomashallgren
rt,equinox,thomaswatson
rt,equinox,timmok
rt,equinox,tobiasoberlies
rt,equinox,todcreasey
rt,equinox,troybishop
rt,equinox,ulfcaspers
rt,equinox,userunknown
rt,equinox,vikaschandra
rt,equinox,wassimmelhem
modeling,m2t,achimdemelt
modeling,m2t,andr챕arnold
modeling,m2t,artolaurila
modeling,m2t,berndkolb
modeling,m2t,dariusjockel
modeling,m2t,davesteinberg
modeling,m2t,dennishuebner
modeling,m2t,eclipsewebmaster
modeling,m2t,heikobehrens
modeling,m2t,jankoehnlein
modeling,m2t,joelcheuoua
modeling,m2t,karstenthoms
modeling,m2t,manuelbork
modeling,m2t,moritzeysholdt
modeling,m2t,nickboldt
modeling,m2t,patrickschonbach
modeling,m2t,paulelder
modeling,m2t,peterfriese
modeling,m2t,projectinbox
modeling,m2t,svenefftinge
technology,tycho,andreassewe
technology,tycho,christianpontesegger
technology,tycho,gunnarwagenknecht
technology,tycho,igorfedorenko
technology,tycho,jansievers
technology,tycho,larsvogel
technology,tycho,martinschreiber
technology,tycho,pascalrapicault
technology,tycho,projectinbox
technology,tycho,rolandgrunberg
technology,tycho,stephanleichtvogt
technology,tycho,thanhha
technology,tycho,tobiasoberlies
tools,mtj,artolaurila
tools,mtj,craigsetera
tools,mtj,davidmarques
tools,mtj,diegomadrugasandin
tools,mtj,douggaff
tools,mtj,eclipsemanagementorganization
tools,mtj,gorkemercan
tools,mtj,gustavodepaula
tools,mtj,hugoraniere
tools,mtj,jondearden
tools,mtj,kevinhorowitz
tools,mtj,mikahoikkala
tools,mtj,petrivirtanen
tools,mtj,pranavgothadiya
tools,mtj,projectinbox
tools,mtj,pulsarworkinggroupbugzillainbox
tools,mtj,quantasyquantasy
tools,mtj,raunoseppala
tools,mtj,rodrigopastrana
technology,jubula,achimloerke
technology,jubula,ajanthayogamoorthy
technology,jubula,alexandraschladebeck
technology,jubula,andreasscharf
technology,jubula,annhannemann
technology,jubula,anotineano
technology,jubula,belabara
technology,jubula,bj철rnebner
technology,jubula,danieltolgyesi
technology,jubula,dominikneumann
technology,jubula,elenapister
technology,jubula,felixziesel
technology,jubula,janphilippwiegmann
technology,jubula,katrinhofmann
technology,jubula,kevinbarbe
technology,jubula,kisstam찼s
technology,jubula,kristianwolpers
technology,jubula,maissmaallsmyssmaulhsvvuillss
technology,jubula,marcelhein
technology,jubula,marcsteffens
technology,jubula,markustiede
technology,jubula,marvinmueller
technology,jubula,mikloshartmann
technology,jubula,olivergoetz
technology,jubula,patrickgutorski
technology,jubula,projectinbox
technology,jubula,raimarb체hmann
technology,jubula,rebeccanitezki
technology,jubula,sebastianhelman
technology,jubula,sebastianstruckmann
technology,jubula,simonbuehlmann
technology,jubula,simonvanderzanden
technology,jubula,stevej체rges
technology,jubula,timwinselmann
technology,jubula,volkerhotzan
technology,jubula,zebfordreitz
rt,ercp,bertrandboudaud
rt,ercp,danailnachev
rt,ercp,danieldlsu
rt,ercp,ercp.ecore
rt,ercp,ercp.ejface
rt,ercp,ercp.eswt
rt,ercp,ercp.eupdate
rt,ercp,ercp.eworkbench
rt,ercp,ercp.mobile
rt,ercp,ercp.samplesinbox
rt,ercp,ercpprojectinbox
rt,ercp,erichsu
rt,ercp,erxiangliu
rt,ercp,fredericphilippe
rt,ercp,gorkemercan
rt,ercp,jiunyanghsu
rt,ercp,julianchen
rt,ercp,jussisuistomaa
rt,ercp,kenwalker
rt,ercp,lynnekues
rt,ercp,markrogalski
rt,ercp,mattlavin
rt,ercp,michaelcheng
rt,ercp,petrumotrescu
rt,ercp,philippekrief
rt,ercp,platformswtinbox
rt,ercp,pojenhsiao
rt,ercp,samlo
rt,ercp,samrauch
rt,ercp,testharness
rt,ercp,urielliu
rt,ercp,yuyou
tools,ajdt,adriancolyer
tools,ajdt,ajdtinbox
tools,ajdt,andrewclement
tools,ajdt,andreweisenberg
tools,ajdt,aspectjinbox
tools,ajdt,bendalziel
tools,ajdt,birtbuild
tools,ajdt,eclipsewebmaster
tools,ajdt,georgeharley
tools,ajdt,helenbeeken
tools,ajdt,ianmcgrath
tools,ajdt,jdtcoreinbox
tools,ajdt,jdtuiinbox
tools,ajdt,juliewaterhouse
tools,ajdt,krisdevolder
tools,ajdt,luziusmeisser
tools,ajdt,mattchapman
tools,ajdt,matthewford
tools,ajdt,matthewwebster
tools,ajdt,mikkersten
tools,ajdt,platformresourcesinbox
tools,ajdt,sianjanuary
tools,ajdt,sianwhiting
tools,ajdt,steveyoung
tools,buildship,donatcsikos
tools,buildship,etiennestuder
tools,buildship,ianstewartbinks
tools,buildship,projectinbox
tools,buildship,simonscholz
tools,buildship,stefanoehme
modeling,ecoretools,projectinbox
webtools,jsdt,adalbertolopezvenegas
webtools,jsdt,angelmisevski
webtools,jsdt,angelozerr
webtools,jsdt,bradleychilds
webtools,jsdt,carlanderson
webtools,jsdt,chrisjaun
webtools,jsdt,chuckbridgham
webtools,jsdt,curtiswindatt
webtools,jsdt,danlee
webtools,jsdt,davidwilliams
webtools,jsdt,dawidpakula
webtools,jsdt,estebandugueperoux
webtools,jsdt,eugenemelekhov
webtools,jsdt,eugeneostroukhov
webtools,jsdt,ginobustelo
webtools,jsdt,gorkemercan
webtools,jsdt,grantgayed
webtools,jsdt,ianstewartbinks
webtools,jsdt,iantewksbury
webtools,jsdt,ilyabuziuk
webtools,jsdt,inbox
webtools,jsdt,jacekpospychala
webtools,jsdt,jasonpeterson
webtools,jsdt,jonahgraham
webtools,jsdt,jorgepadilla
webtools,jsdt,kevintapperson
webtools,jsdt,kokelaast
webtools,jsdt,lalitsomavarapha
webtools,jsdt,martinoberhuber
webtools,jsdt,michaelrennie
webtools,jsdt,mickaelistria
webtools,jsdt,musa
webtools,jsdt,nicksandonato
webtools,jsdt,nitindahyabhai
webtools,jsdt,olivierthomann
webtools,jsdt,orlandorincon
webtools,jsdt,patriksuzzi
webtools,jsdt,philberkland
webtools,jsdt,projectinbox
webtools,jsdt,richardkure큄
webtools,jsdt,royganor
webtools,jsdt,samuelwu
webtools,jsdt,scottkellicker
webtools,jsdt,shanebryzak
webtools,jsdt,simonkaegi
webtools,jsdt,stephanebegaudeau
webtools,jsdt,stephenpride
webtools,jsdt,victorrubezhny
webtools,jsdt,wst.javascript
webtools,jsdt,wst.javascripttriaged
modeling,sirius,alexlagarde
modeling,sirius,belqassimdjafer
modeling,sirius,benjamingrouhan
modeling,sirius,cedricbrun
modeling,sirius,epperrorreports
modeling,sirius,estebandugueperoux
modeling,sirius,florianbarbin
modeling,sirius,hugomarchadour
modeling,sirius,jessymallet
modeling,sirius,juliendupont
modeling,sirius,laurentfasani
modeling,sirius,laurentredor
modeling,sirius,maximeporhel
modeling,sirius,melaniebats
modeling,sirius,mickaellanoe
modeling,sirius,pierrecharlesdavid
modeling,sirius,pierreguilet
modeling,sirius,projectinbox
modeling,sirius,projetinbox
modeling,sirius,stephanebegaudeau
modeling,sirius,stevemonnier
technology,epp,andreashoegger
technology,epp,andreassewe
technology,epp,andreyplatov
technology,epp,bethtibbitts
technology,epp,birtbuild
technology,epp,briandealwis
technology,epp,cedricbrun
technology,epp,christopherguindon
technology,epp,chuckbridgham
technology,epp,danielhaftstein
technology,epp,davidwilliams
technology,epp,denisroy
technology,epp,dougschaefer
technology,epp,eclipsewebmaster
technology,epp,epperrorreports
technology,epp,ericclayberg
technology,epp,ericcloninger
technology,epp,gunnarwagenknecht
technology,epp,igorfedorenko
technology,epp,ilyav.seleznev
technology,epp,jacekpospychala
technology,epp,joelcayne
technology,epp,johannesdorn
technology,epp,johanneslerch
technology,epp,jonashelming
technology,epp,jordiboehmelopez
technology,epp,konstantinkomissarchik
technology,epp,linzhu
technology,epp,marcandr챕laperle
technology,epp,marcelbruch
technology,epp,markrussell
technology,epp,markusknauer
technology,epp,markustiede
technology,epp,martinoberhuber
technology,epp,matthiaszimmermann
technology,epp,michaelspector
technology,epp,nacidai
technology,epp,nathangervais
technology,epp,petermoogk
technology,epp,phoenix.ui
technology,epp,platformrelenginbox
technology,epp,platformswtinbox
technology,epp,projectinbox
technology,epp,richardgronback
technology,epp,royganor
technology,epp,scottlewis
technology,epp,sergeyprigogin
technology,epp,simonlaffoy
technology,epp,steffenpingel
technology,epp,stephaneberle
technology,epp,tomaszzarna
technology,epp,waynebeaton
technology,epp,webtools.releng
technology,epp,xiaoyinggu
technology,epp,zebfordreitz
technology,epp,zoltanruzman
technology,epp,zsoltbeothyelo
technology,hudson,bobfoster
technology,hudson,duncanmills
technology,hudson,eclipsewebmaster
technology,hudson,jasonvanzyl
technology,hudson,royvarghese
technology,hudson,stevechristou
technology,hudson,stuartmcculloch
technology,hudson,winstonprakash
modeling,ecp,alexandrabuzila
modeling,ecp,davidsotosetzke
modeling,ecp,edgarmueller
modeling,ecp,eikestepper
modeling,ecp,eugenneufeld
modeling,ecp,florianpirchner
modeling,ecp,franziskahaunolder
modeling,ecp,johannesfaltermeier
modeling,ecp,jonashelming
modeling,ecp,lucaskoehler
modeling,ecp,markusknauer
modeling,ecp,martinfleck
modeling,ecp,mathiasschaefer
modeling,ecp,maxhohenegger
modeling,ecp,maximiliankoegel
modeling,ecp,neilmackenzie
modeling,ecp,ottovonwesendonk
modeling,ecp,patriksuzzi
modeling,ecp,philiplanger
modeling,ecp,projectinbox
modeling,ecp,stefandirix
modeling,ecp,tobiasverhoeven
modeling,ecp,zardoshthodaie
iot,4diac,aloiszoitl
iot,4diac,filippr철stlandren
iot,4diac,gerhardebenhofer
iot,4diac,josemariajesuscabrallassalle
iot,4diac,martinmelikmerkumians
iot,4diac,monikawenger
iot,4diac,projectinbox
tools,xtend,christiandietrich
tools,xtend,dennishuebner
tools,xtend,holgerschill
tools,xtend,jankoehnlein
tools,xtend,karstenthoms
tools,xtend,mirospoenemann
tools,xtend,projectinbox
technology,recommenders,andreassewe
technology,recommenders,annechristinekarpf
technology,recommenders,danielhaftstein
technology,recommenders,dougwightman
technology,recommenders,johannesdorn
technology,recommenders,johanneslerch
technology,recommenders,marcelbruch
technology,recommenders,moritzbeller
technology,recommenders,olavlenz
technology,recommenders,patrickgottschaemmer
technology,recommenders,pawelnowak
technology,recommenders,projectinbox
technology,recommenders,sebastianproksch
technology,recommenders,simonlaffoy
technology,recommenders,stefanhenss
technology,recommenders,stefanprisca
technology,recommenders,yasettacurana
technology,recommenders,yasseraziza
technology,recommenders,zoltanruzman
eclipse,e4,aghilesabdesselam
eclipse,e4,andrewniefer
eclipse,e4,aurelienpupier
eclipse,e4,benjamincab챕
eclipse,e4,bogdangheorghe
eclipse,e4,borisbokowski
eclipse,e4,briandealwis
eclipse,e4,danailbranekov
eclipse,e4,danielrolka
eclipse,e4,dimitargeorgiev
eclipse,e4,eclipsewebmaster
eclipse,e4,eduardbartsch
eclipse,e4,ericmoffatt
eclipse,e4,jesse
eclipse,e4,johnarthorne
eclipse,e4,jonashelming
eclipse,e4,kaitoedter
eclipse,e4,kevinmcguire
eclipse,e4,kimmoir
eclipse,e4,larsvogel
eclipse,e4,leodenault
eclipse,e4,lindawatson
eclipse,e4,malgorzatajanczarska
eclipse,e4,marcodescher
eclipse,e4,mcqwilson
eclipse,e4,michaelrennie
eclipse,e4,mickaelistria
eclipse,e4,olegbesedin
eclipse,e4,olivierprouvost
eclipse,e4,olivierthomann
eclipse,e4,paulwebster
eclipse,e4,platformresourcesinbox
eclipse,e4,platformuitriaged
eclipse,e4,projectinbox
eclipse,e4,remysuen
eclipse,e4,robertroth
eclipse,e4,sergebeauchamp
eclipse,e4,simonkaegi
eclipse,e4,simonscholz
eclipse,e4,sopotcela
eclipse,e4,stevenspungin
eclipse,e4,susanmccourt
eclipse,e4,thomasschindl
eclipse,e4,veselinmarkov
eclipse,e4,wimjongman
eclipse,e4,winstonprakash
eclipse,e4,yvesyang
tools,tcf,annadushistova
tools,tcf,antonleherbauer
tools,tcf,didierbrachet
tools,tcf,douggaff
tools,tcf,dougschaefer
tools,tcf,eugenetarassov
tools,tcf,felixburton
tools,tcf,gaetanmorice
tools,tcf,markusschorn
tools,tcf,martinoberhuber
tools,tcf,maxweninger
tools,tcf,michaelscharf
tools,tcf,pablotorregrosapaez
tools,tcf,pawelpiech
tools,tcf,projectinbox
tools,tcf,renanlepadellec
tools,tcf,scottlewis
tools,tcf,tobiasschwarz
tools,tcf,uwestieber
tools,tcf,williamchen
modeling,epsilon,antoniogarciadominguez
modeling,epsilon,dimitriskolovos
modeling,epsilon,eclipsewebmaster
modeling,epsilon,horaciohoyos
modeling,epsilon,louisrose
eclipse,platform,aaronferguson
eclipse,platform,abhishekkishore
eclipse,platform,adamarcher
eclipse,platform,adambriska
eclipse,platform,adamkiezun
eclipse,platform,adamnielsen
eclipse,platform,adamschlegel
eclipse,platform,aghilesabdesselam
eclipse,platform,ahmedmoharram
eclipse,platform,alainbernard
eclipse,platform,alainleguennec
eclipse,platform,alexanderbaranov
eclipse,platform,alexandergurov
eclipse,platform,alexanderkurtakov
eclipse,platform,alexandrabuzila
eclipse,platform,alexblewitt
eclipse,platform,aliakar
eclipse,platform,alianaguib
eclipse,platform,alisheraz
eclipse,platform,allangodding
eclipse,platform,anatolyspektor
eclipse,platform,andrea
eclipse,platform,andreaguarinoni
eclipse,platform,andreaross
eclipse,platform,andreasloth
eclipse,platform,andreasmayer
eclipse,platform,andreassewe
eclipse,platform,andreweidsness
eclipse,platform,andreweinand
eclipse,platform,andrewferrazzutti
eclipse,platform,andrewirvine
eclipse,platform,andrewniefer
eclipse,platform,andrewoverholt
eclipse,platform,andreyloskutov
eclipse,platform,andr챕eproulx
eclipse,platform,anthonyhunter
eclipse,platform,antoniodsouza
eclipse,platform,antonleherbauer
eclipse,platform,arunthondapu
eclipse,platform,atsuhikoyamanaka
eclipse,platform,axelrichard
eclipse,platform,b.chen
eclipse,platform,bartoszpopiela
eclipse,platform,beatriziaderoza
eclipse,platform,bencox
eclipse,platform,benediktkuntz
eclipse,platform,benjamincab챕
eclipse,platform,benjaminmuskalla
eclipse,platform,bennobaumgartner
eclipse,platform,bethtibbitts
eclipse,platform,billybiggs
eclipse,platform,bj철rnmichael
eclipse,platform,bogdangheorghe
eclipse,platform,borisbokowski
eclipse,platform,borisshingarov
eclipse,platform,bradreynolds
eclipse,platform,brankotripkovic
eclipse,platform,brenthepburn
eclipse,platform,brettrandall
eclipse,platform,briandealwis
eclipse,platform,brianyoung
eclipse,platform,brunomedeiros
eclipse,platform,bryangreen
eclipse,platform,cagataycalli
eclipse,platform,camthule
eclipse,platform,carolynmacleod
eclipse,platform,carstenpfeiffer
eclipse,platform,cbidummyuser
eclipse,platform,cdtbuildinbox
eclipse,platform,cdtdebuginbox
eclipse,platform,charliegracie
eclipse,platform,cheriewong
eclipse,platform,chrisaniszczyk
eclipse,platform,chrisaustin
eclipse,platform,chrisgoldthorpe
eclipse,platform,chrismckillop
eclipse,platform,chrismclaren
eclipse,platform,christiangeorgi
eclipse,platform,christianmohr
eclipse,platform,christianplesnerhansen
eclipse,platform,christianpontesegger
eclipse,platform,christianwalther
eclipse,platform,christilt
eclipse,platform,christofmarti
eclipse,platform,christophdanielschulze
eclipse,platform,christophecornu
eclipse,platform,christopheelek
eclipse,platform,christophkeimel
eclipse,platform,claudeknaus
eclipse,platform,colemarkham
eclipse,platform,conradgroth
eclipse,platform,cornelizbasa
eclipse,platform,coryturner
eclipse,platform,crossprojectissues
eclipse,platform,curtisdentremont
eclipse,platform,curtiswindatt
eclipse,platform,danailnachev
eclipse,platform,danielfriederich
eclipse,platform,danielhaftstein
eclipse,platform,danieljaeger
eclipse,platform,danielkruegler
eclipse,platform,danielraap
eclipse,platform,danielrolka
eclipse,platform,danimegert
eclipse,platform,darinswanson
eclipse,platform,darinwright
eclipse,platform,dariuszstefanowicz
eclipse,platform,darrenha
eclipse,platform,daveorme
eclipse,platform,davesteinberg
eclipse,platform,davidgreen
eclipse,platform,davidj.orme
eclipse,platform,davidnorth
eclipse,platform,davidsavage
eclipse,platform,davidweiser
eclipse,platform,davidwilliams
eclipse,platform,ddgeneralinbox
eclipse,platform,deanroberts
eclipse,platform,debbiewilson
eclipse,platform,deepakazad
eclipse,platform,dejanglozic
eclipse,platform,denisforveille
eclipse,platform,deniszygann
eclipse,platform,derektoolan
eclipse,platform,dinasayed
eclipse,platform,dirkbaeumer
eclipse,platform,dirkfauth
eclipse,platform,djhoughton
eclipse,platform,dorianbirsan
eclipse,platform,douglaspollock
eclipse,platform,dsdp.tm.rseinbox
eclipse,platform,duongnguyen
eclipse,platform,eclipsewebmaster
eclipse,platform,edburnette
eclipse,platform,edenklein
eclipse,platform,edmerks
eclipse,platform,edsmith
eclipse,platform,eduardopereira
eclipse,platform,eikestepper
eclipse,platform,elenalaskavaia
eclipse,platform,ercpprojectinbox
eclipse,platform,eric
eclipse,platform,erichgamma
eclipse,platform,erichung
eclipse,platform,ericmoffatt
eclipse,platform,ericwilliams
eclipse,platform,eugenneufeld
eclipse,platform,fabianpfaff
eclipse,platform,fabiozadrozny
eclipse,platform,felipeheidrich
eclipse,platform,felixotto
eclipse,platform,filipporossoni
eclipse,platform,francisuptoniv
eclipse,platform,frankbudinsky
eclipse,platform,fredericfusier
eclipse,platform,garybarbon
eclipse,platform,garykarasiuk
eclipse,platform,gefinbox
eclipse,platform,genadyberyozkin
eclipse,platform,georgecheng
eclipse,platform,ghaithhachem
eclipse,platform,gilimendel
eclipse,platform,grantgayed
eclipse,platform,guillermohurtado
eclipse,platform,gunnarwagenknecht
eclipse,platform,guojiquan
eclipse,platform,hannafarah
eclipse,platform,haozhang
eclipse,platform,haraldalbers
eclipse,platform,harryhoudini
eclipse,platform,haythamyassine
eclipse,platform,helenahalperin
eclipse,platform,hemantsingh
eclipse,platform,hendrikpeilke
eclipse,platform,hendrikstill
eclipse,platform,herbwilliams
eclipse,platform,hilgersteenblock
eclipse,platform,hitesh
eclipse,platform,holgervoormann
eclipse,platform,ianpetersen
eclipse,platform,ianpun
eclipse,platform,ilyabuziuk
eclipse,platform,ineskhelifi
eclipse,platform,ivanmarkov
eclipse,platform,j326159487
eclipse,platform,jaceksieka
eclipse,platform,jakubjurkiewicz
eclipse,platform,jamesblackburn
eclipse,platform,jamesmoody
eclipse,platform,janeklasockibiczysko
eclipse,platform,janetatchell
eclipse,platform,jankoehnlein
eclipse,platform,janoveweichel
eclipse,platform,janrosczak
eclipse,platform,jaredburns
eclipse,platform,jasonbrennan
eclipse,platform,jaxsunmccarthyhuggan
eclipse,platform,jdtcoreinbox
eclipse,platform,jdtdebuginbox
eclipse,platform,jdttextinbox
eclipse,platform,jdtuiinbox
eclipse,platform,jeandersoncandido
eclipse,platform,jeanmichellemieux
eclipse,platform,jedanderson
eclipse,platform,jeffbrown
eclipse,platform,jeffhalhead
eclipse,platform,jeffmcaffer
eclipse,platform,jenncharland
eclipse,platform,jenniferfogell
eclipse,platform,jeremiebresson
eclipse,platform,jianglinquan
eclipse,platform,jimdesrivieres
eclipse,platform,jimperry
eclipse,platform,jinli
eclipse,platform,joeldrigo
eclipse,platform,joeszurszewski
eclipse,platform,joewinchester
eclipse,platform,johannesbeichter
eclipse,platform,johannesfaltermeier
eclipse,platform,johnarthorne
eclipse,platform,johnglassmyer
eclipse,platform,johnlanuti
eclipse,platform,johnmasonp.shackelford
eclipse,platform,johnrose
eclipse,platform,johnwiegand
eclipse,platform,jonahgraham
eclipse,platform,jonashelming
eclipse,platform,julianenoch
eclipse,platform,justinkong
eclipse,platform,kaiuwemaetzel
eclipse,platform,kaloyanraev
eclipse,platform,kalyanprasadtatavarthi
eclipse,platform,karenparker
eclipse,platform,karenwilliamson
eclipse,platform,karicemcintyre
eclipse,platform,karihalsted
eclipse,platform,kelvinchan
eclipse,platform,kevinbarnes
eclipse,platform,kevincornell
eclipse,platform,kevinhaaland
eclipse,platform,kevinmcguire
eclipse,platform,kevinmilburn
eclipse,platform,kimhorne
eclipse,platform,kimkelley
eclipse,platform,kimmoir
eclipse,platform,kitlo
eclipse,platform,knutradloff
eclipse,platform,konradkolosowski
eclipse,platform,kostassakellis
eclipse,platform,krzysztofdaniel
eclipse,platform,krzysztofkazmierczyk
eclipse,platform,krzysztofmichalski
eclipse,platform,lakshmishanmugam
eclipse,platform,larryisaacs
eclipse,platform,larssadau
eclipse,platform,larsvogel
eclipse,platform,leoufimtsev
eclipse,platform,leungwanghei
eclipse,platform,linakemmel
eclipse,platform,lindawatson
eclipse,platform,lorneparsons
eclipse,platform,lotharlattermann
eclipse,platform,louismichelmathurin
eclipse,platform,lucbourlier
eclipse,platform,lucienweller
eclipse,platform,lynnekues
eclipse,platform,malgorzatajanczarska
eclipse,platform,manjumathew
eclipse,platform,marcandr챕laperle
eclipse,platform,marcelbruch
eclipse,platform,marcelopaternostro
eclipse,platform,marcodescher
eclipse,platform,marioherzig
eclipse,platform,markusduft
eclipse,platform,markuskeller
eclipse,platform,markuskuppe
eclipse,platform,markusschorn
eclipse,platform,martinaeschlimann
eclipse,platform,martinkarpisek
eclipse,platform,martinoberhuber
eclipse,platform,martintaal
eclipse,platform,masayukifuse
eclipse,platform,masha(maria)krol
eclipse,platform,matbooth
eclipse,platform,matthewbisson
eclipse,platform,matthewhall
eclipse,platform,matthewhatem
eclipse,platform,matthiasbecker
eclipse,platform,matthiasnowak
eclipse,platform,maxhohenegger
eclipse,platform,maxsigalov
eclipse,platform,maxweninger
eclipse,platform,mazenfaraj
eclipse,platform,mcqwilson
eclipse,platform,michaeld.elder
eclipse,platform,michaelrennie
eclipse,platform,michaelspector
eclipse,platform,michaelvalenta
eclipse,platform,michaelvanmeekeren
eclipse,platform,michalniewrzal
eclipse,platform,mickaelistria
eclipse,platform,mika챘lbarbero
eclipse,platform,mikemallett
eclipse,platform,mikemilinkovich
eclipse,platform,mikeswingler
eclipse,platform,mikkersten
eclipse,platform,minidzelis
eclipse,platform,mmtatl.toolkitinbox
eclipse,platform,mohamedelkholy
eclipse,platform,moshewajnberg
eclipse,platform,mylyninbox
eclipse,platform,nataliabartol
eclipse,platform,natashadsilva
eclipse,platform,nelliechau
eclipse,platform,nicholasrajendram
eclipse,platform,nickboldt
eclipse,platform,nickedgar
eclipse,platform,nicksandonato
eclipse,platform,nicolajhoess
eclipse,platform,nicolasbros
eclipse,platform,nirajmodi
eclipse,platform,nobodyfeelfreetotakeit
eclipse,platform,noopurgupta
eclipse,platform,normanyee
eclipse,platform,olegbesedin
eclipse,platform,oleksandrzakusylo
eclipse,platform,oliverp체tter
eclipse,platform,olivierprouvost
eclipse,platform,olivierthomann
eclipse,platform,ovidiomallo
eclipse,platform,p2inbox
eclipse,platform,pascalrapicault
eclipse,platform,patricknaish
eclipse,platform,patriksuzzi
eclipse,platform,paulelder
eclipse,platform,paulpunke
eclipse,platform,paulwebster
eclipse,platform,pawelpiech
eclipse,platform,pawelpogorzelski
eclipse,platform,pdebuildinbox
eclipse,platform,pdedocinbox
eclipse,platform,pdeuiinbox
eclipse,platform,peterpuskas
eclipse,platform,peterwhite
eclipse,platform,philipemulet
eclipse,platform,philippbumann
eclipse,platform,philippemarschall
eclipse,platform,philippkunz
eclipse,platform,philipwenig
eclipse,platform,phillipwebb
eclipse,platform,philloats
eclipse,platform,phpcore
eclipse,platform,phpdebug
eclipse,platform,phpui
eclipse,platform,piotraniola
eclipse,platform,platformantinbox
eclipse,platform,platformcompareinbox
eclipse,platform,platformcvsinbox
eclipse,platform,platformdebuginbox
eclipse,platform,platformdocinbox
eclipse,platform,platformhelpinbox
eclipse,platform,platformincubatorinbox
eclipse,platform,platformrelenginbox
eclipse,platform,platformresourcesinbox
eclipse,platform,platformruntimeinbox
eclipse,platform,platformscriptinginbox
eclipse,platform,platformsearchinbox
eclipse,platform,platformswtinbox
eclipse,platform,platformteaminbox
eclipse,platform,platformtextinbox
eclipse,platform,platformuainbox
eclipse,platform,platformuiinbox
eclipse,platform,platformuitriaged
eclipse,platform,platformupdateinbox
eclipse,platform,platformvcminbox
eclipse,platform,platformwebdavinbox
eclipse,platform,pradeepbalachandran
eclipse,platform,prakashg.r.
eclipse,platform,prakashrangaraj
eclipse,platform,praveen
eclipse,platform,projectinbox
eclipse,platform,rafaelchaves
eclipse,platform,rajesh
eclipse,platform,rakshavasisht
eclipse,platform,ralfpetter
eclipse,platform,random12345user12345
eclipse,platform,randygiffen
eclipse,platform,raymondauge
eclipse,platform,remysuen
eclipse,platform,ren챕brandstetter
eclipse,platform,ricardobochnia
eclipse,platform,richard.
eclipse,platform,richardbirenheide
eclipse,platform,richardgobeli
eclipse,platform,robertroth
eclipse,platform,robinstocker
eclipse,platform,robstryker
eclipse,platform,rodneydowdall
eclipse,platform,rodrigoperetti
eclipse,platform,rolftheunissen
eclipse,platform,royganor
eclipse,platform,rupeshkumar
eclipse,platform,ryancooper
eclipse,platform,ryanmanwiller
eclipse,platform,r체digerherrmann
eclipse,platform,samanthachan
eclipse,platform,samiwagiaalla
eclipse,platform,sarikasinha
eclipse,platform,satyamkandula
eclipse,platform,scottkovatch
eclipse,platform,seanyoung
eclipse,platform,sebastianherrmann
eclipse,platform,sebastianlohmeier
eclipse,platform,sebastianpeleato
eclipse,platform,sebastianratz
eclipse,platform,semionchichelnitsky
eclipse,platform,sergebeauchamp
eclipse,platform,sergeyprigogin
eclipse,platform,shantharamachandran
eclipse,platform,sharmaanvv
eclipse,platform,shaunskelton
eclipse,platform,shawnminto
eclipse,platform,shujieliao
eclipse,platform,silenioquarti
eclipse,platform,silviob철hler
eclipse,platform,simonarsenault
eclipse,platform,simonscholz
eclipse,platform,snehasishpaul
eclipse,platform,snjezanapeco
eclipse,platform,soniadimitrov
eclipse,platform,sopotcela
eclipse,platform,sravankumarlakkimsetti
eclipse,platform,sridharbidigalu
eclipse,platform,stefanweiser
eclipse,platform,stefanwinkler
eclipse,platform,stefanxenos
eclipse,platform,stefvandijk
eclipse,platform,stephanhackstedt
eclipse,platform,stephanherrmann
eclipse,platform,stephanwahlbrink
eclipse,platform,stevefrancisco
eclipse,platform,stevenorthover
eclipse,platform,stevenspungin
eclipse,platform,stevenwasleski
eclipse,platform,sumitsarkar
eclipse,platform,susanfranklin
eclipse,platform,susanmccourt
eclipse,platform,szymonbrandys
eclipse,platform,szymonptaszkiewicz
eclipse,platform,s첩rentroest
eclipse,platform,tangyan
eclipse,platform,terryparker
eclipse,platform,thanhha
eclipse,platform,thibaultleouay
eclipse,platform,thirumalareddymutchukota
eclipse,platform,thomasm??der
eclipse,platform,thomasschindl
eclipse,platform,thomaswatson
eclipse,platform,thomaswolf
eclipse,platform,thorstenhake
eclipse,platform,thorstenmaack
eclipse,platform,tillbay
eclipse,platform,tillbrychcy
eclipse,platform,timdeboer
eclipse,platform,timellison
eclipse,platform,timmok
eclipse,platform,timokinnunen
eclipse,platform,tobiasbaumann
eclipse,platform,tobiasmelcher
eclipse,platform,tobiaswidmer
eclipse,platform,todcreasey
eclipse,platform,tomaszzarna
eclipse,platform,tomeicher
eclipse,platform,tomgurney
eclipse,platform,tomhochstein
eclipse,platform,tomhofmann
eclipse,platform,tonymccrary
eclipse,platform,torkildresheim
eclipse,platform,udowalker
eclipse,platform,unknownuser
eclipse,platform,userunknown
eclipse,platform,userunknownpleasereassign
eclipse,platform,valentinapopescu
eclipse,platform,vasiligulevich
eclipse,platform,veronikairvine
eclipse,platform,veselinmarkov
eclipse,platform,victorrubezhny
eclipse,platform,vladdumitrescu
eclipse,platform,vladimirdvorak
eclipse,platform,vladklicnik
eclipse,platform,wainerdossantosmoschetta
eclipse,platform,wassimmelhem
eclipse,platform,waynebeaton
eclipse,platform,wimjongman
eclipse,platform,wojciechgalanciak
eclipse,platform,wojciechsudol
eclipse,platform,wstinbox
eclipse,platform,yaroslavnikolaiko
eclipse,platform,zhiyongliu
modeling,emft.facet,fabiengiquel
modeling,emft.facet,gregoiredupe
modeling,emft.facet,nicolasbros
modeling,emft.facet,patricktessier
modeling,emft.facet,projectinbox
modeling,emft.facet,vincentlorenzo
tools,ptp,abhi23
tools,ptp,alanhumphrey
tools,ptp,albertl.rossi
tools,ptp,ashleykasza
tools,ptp,berndhufmann
tools,ptp,bethtibbitts
tools,ptp,brianwatt
tools,ptp,carstenkarbach
tools,ptp,cdtcodaninbox
tools,ptp,chrisnavarro
tools,ptp,chrisrecoskie
tools,ptp,claudiaknobloch
tools,ptp,clementchu
tools,ptp,craigerasmussen
tools,ptp,danielfelixferber
tools,ptp,davidwootton
tools,ptp,dieterkrachtus
tools,ptp,donnykurniawan
tools,ptp,dougschaefer
tools,ptp,eclipsewebmaster
tools,ptp,ehuq24
tools,ptp,elenalaskavaia
tools,ptp,evertonrufinoconstantino
tools,ptp,feiyiwang
tools,ptp,gregwatson
tools,ptp,jeffreyoverbey
tools,ptp,jiejiang
tools,ptp,johneblen
tools,ptp,johnliu
tools,ptp,jonathanwilliams
tools,ptp,kurthendle
tools,ptp,marianomendez
tools,ptp,matthewbastien
tools,ptp,matthewfotzler
tools,ptp,mikekucera
tools,ptp,nathandebardeleben
tools,ptp,patricktasse
tools,ptp,photraninbox
tools,ptp,projectinbox
tools,ptp,randyroberts
tools,ptp,robertooliveira
tools,ptp,robstryker
tools,ptp,rodrigofraxinoaraujo
tools,ptp,rolandschulz
tools,ptp,rongli
tools,ptp,ruiwang
tools,ptp,stevenr.brandt
tools,ptp,t.cunly
tools,ptp,timofeyyuvashev
tools,ptp,tuhongjun
tools,ptp,viviankong
tools,ptp,wainerdossantosmoschetta
tools,ptp,wolfgangfrings
tools,ptp,wyattspear
modeling,etrice,eyrakpaen
modeling,etrice,franklippert
modeling,etrice,henrikrentzreichert
modeling,etrice,jayantgupta
modeling,etrice,juergenhaug
modeling,etrice,projectinbox
modeling,etrice,rohitagrawal
modeling,etrice,thomasjung
modeling,etrice,thomasschuetz
birt,birt,aashimagoel
birt,birt,andrewzhu
birt,birt,aniruddhashevade
birt,birt,artolaurila
birt,birt,bangnguyen
birt,birt,baoliangliu
birt,birt,bengamble
birt,birt,binfeng
birt,birt,birtbuild
birt,birt,birtchartinbox
birt,birt,birtconverterinbox
birt,birt,birtdataaccess
birt,birt,birtdatainbox
birt,birt,birtdocumentation
birt,birt,birtreportdesigner
birt,birt,birtreportengineinbox
birt,birt,birtreportinbox
birt,birt,birtreportviewer
birt,birt,birttestsuite
birt,birt,bobwang
birt,birt,boonboonchanchoke
birt,birt,bozierjerome
birt,birt,carlthronson
birt,birt,cdeadministration
birt,birt,chaimianrui
birt,birt,chenchao
birt,birt,davidmichonneau
birt,birt,dazhenggao
birt,birt,fangxu
birt,birt,fcai
birt,birt,frankzhang
birt,birt,gangliu
birt,birt,garygong
birt,birt,garykarasiuk
birt,birt,garyxue
birt,birt,haijiatong
birt,birt,hankchristensen
birt,birt,haojunchu
birt,birt,helai
birt,birt,hengli
birt,birt,hongchanglin
birt,birt,hongchen
birt,birt,hongxiawang
birt,birt,huirongwong
birt,birt,ianliu
birt,birt,ivanzhu
birt,birt,ivyli
birt,birt,jandorbian
birt,birt,janetatchell
birt,birt,jasonweathersby
birt,birt,jerrycheng
birt,birt,jiachunqiu
birt,birt,jianchaoli
birt,birt,jianmei
birt,birt,jianzhou
birt,birt,jiayingliu
birt,birt,jingwenshen
birt,birt,jluo
birt,birt,judazhang
birt,birt,junouyang
birt,birt,junzhai
birt,birt,kaishen
birt,birt,kelvinchu
birt,birt,kenny.mo(jiezhong.mo)
birt,birt,kitlo
birt,birt,krishnavenkatraman
birt,birt,liangyu
birt,birt,lifengli
birt,birt,linakemmel
birt,birt,linbaocheng
birt,birt,lindachan
birt,birt,linzhu
birt,birt,liwenchen
birt,birt,maggieshen
birt,birt,max
birt,birt,mikeboyersmith
birt,birt,milindpadhye
birt,birt,mindanxu
birt,birt,mingxiawu
birt,birt,ninali
birt,birt,ningzhang
birt,birt,paulclenahan
birt,birt,paulrogers
birt,birt,pdebuildinbox
birt,birt,pengchengbian
birt,birt,petterivmark
birt,birt,projectinbox
birt,birt,pshi
birt,birt,qiliang
birt,birt,qingweisong
birt,birt,ricklu
birt,birt,rico
birt,birt,rimakanguri
birt,birt,rockyu
birt,birt,roshanail
birt,birt,ruoyin
birt,birt,sampath
birt,birt,sanyongliu
birt,birt,scottrosenbaum
birt,birt,shashahu
birt,birt,sheldonleeloy
birt,birt,shihengguan
birt,birt,shijiezhang
birt,birt,sissizhu
birt,birt,stanleywang
birt,birt,suelee
birt,birt,taochen
birt,birt,tianlizhang
birt,birt,tianminhuang
birt,birt,vikram
birt,birt,vincentpetry
birt,birt,wanbinouyang
birt,birt,wangqiangsheng
birt,birt,weiwang
birt,birt,weiyan
birt,birt,weiyu
birt,birt,weizhao(shang)
birt,birt,wenbinhe
birt,birt,wenfengli
birt,birt,wenjietu
birt,birt,wenlin
birt,birt,wuyu
birt,birt,xiangli
birt,birt,xiaodanwang
birt,birt,xiaofengzhang
birt,birt,xiaokunyi
birt,birt,xiaolanli
birt,birt,xiaoxiaowu
birt,birt,xiaoyinggu
birt,birt,xingjiehe
birt,birt,xingshengzhu
birt,birt,xinzhao
birt,birt,xuelanli
birt,birt,xusongyuan
birt,birt,yaohuama
birt,birt,yasuodoshiro
birt,birt,yaytay
birt,birt,yinhuang
birt,birt,yiwang
birt,birt,yongjiang
birt,birt,ysun
birt,birt,yuanyi
birt,birt,yuchen
birt,birt,yuejiechen
birt,birt,yueqianwang
birt,birt,yulinwang
birt,birt,yuxuandai
birt,birt,zhanglei
birt,birt,zhenzhongfei
birt,birt,zhiqiangqian
birt,birt,zhongboli
modeling,mdt.uml2,camthule
modeling,mdt.uml2,christianw.damus
modeling,mdt.uml2,eclipsewebmaster
modeling,mdt.uml2,gmf.generationinbox
modeling,mdt.uml2,jamesbruck
modeling,mdt.uml2,kennhussey
modeling,mdt.uml2,magedelaasar
modeling,mdt.uml2,mika챘lbarbero
modeling,mdt.uml2,nickboldt
modeling,mdt.uml2,uml2inbox
rt,virgo,borislavkapukaranov
rt,virgo,chrisfrost
rt,virgo,danielmarthaler
rt,virgo,dmitrysklyut
rt,virgo,florianwaibel
rt,virgo,gianmariaromanato
rt,virgo,glynnormington
rt,virgo,hristoiliev
rt,virgo,lazarkirchev
rt,virgo,leodossantos
rt,virgo,martinlippert
rt,virgo,milesparker
rt,virgo,projectinbox
rt,virgo,steffenpingel
rt,virgo,stevepowell
rt,virgo,violetageorgieva
iot,mihini,benjamincab챕
iot,mihini,fabienfleutot
iot,mihini,julienvermillard
iot,mihini,laurentbarthelemy
iot,mihini,minhgiang
iot,mihini,projectinbox
iot,mihini,robertjacolin
iot,mihini,romainperier
iot,mihini,silverechabal
technology,cbi,cbidummyuser
technology,cbi,cbiinbox
technology,cbi,davidwilliams
technology,cbi,denisroy
technology,cbi,dennishuebner
technology,cbi,eclipsewebmaster
technology,cbi,filiphrbek
technology,cbi,fredericgurr
technology,cbi,gunnarwagenknecht
technology,cbi,igorfedorenko
technology,cbi,karelbrezina
technology,cbi,krzysztofdaniel
technology,cbi,michalruzicka
technology,cbi,mickaelistria
technology,cbi,mika챘lbarbero
technology,cbi,nobodyfeelfreetotakeit
technology,cbi,projectinbox
technology,cbi,stephanherrmann
technology,cbi,thanhha
technology,cbi,thomashallgren
modeling,gmp,alexshatalin
modeling,gmp,anthonyhunter
modeling,gmp,artemtikhomirov
modeling,gmp,eclipsemanagementorganization
modeling,gmp,gmf.generationinbox
modeling,gmp,gmf.relenginbox
modeling,gmp,gmf.runtimeinbox
modeling,gmp,gmf.webinbox
modeling,gmp,inbox
modeling,gmp,maxfeldman
modeling,gmp,nickboldt
modeling,gmp,platformupdateinbox
modeling,gmp,projectinbox
modeling,gmp,richardgronback
modeling,gmp,syedatif
tools,buckminster,achimdemelt
tools,buckminster,adrianskehill
tools,buckminster,buckminster.coreinbox
tools,buckminster,filiphrbek
tools,buckminster,guillaumechatelet
tools,buckminster,henriklindberg
tools,buckminster,johannesutzig
tools,buckminster,karelbrezina
tools,buckminster,kenneth횜lwing
tools,buckminster,michalruzicka
tools,buckminster,mika챘lbarbero
tools,buckminster,p2inbox
tools,buckminster,platformupdateinbox
tools,buckminster,stefandaume
tools,buckminster,thomashallgren
rt,jetty,athenayao
rt,jetty,davidjencks
rt,jetty,gregwilkins
rt,jetty,huguesmalphettes
rt,jetty,janbartel
rt,jetty,jeffmcaffer
rt,jetty,jessemcconnell
rt,jetty,joakimerdfelt
rt,jetty,michaelgorovoy
rt,jetty,projectinbox
rt,jetty,shirleyboulay
rt,jetty,simonebordet
rt,jetty,thomasbecker
rt,jetty,thomaswatson
ecd,dirigible,dimitargiormov
ecd,dirigible,georgipavlov
ecd,dirigible,martinvladev
ecd,dirigible,nedelchodelchev
ecd,dirigible,projectinbox
ecd,dirigible,yordanpavlov
rt,gemini.web,chrisfrost
rt,gemini.web,glynnormington
rt,gemini.web,projectinbox
rt,gemini.web,stevepowell
rt,gemini.web,violetageorgieva
