component,value,os,priority,hardware,version,component,severity,assignee,product,status,total
robotml,avg,0,0,0,0,0,0,0,0,0,31
robotml,min,0,0,0,0,0,0,0,0,0,31
robotml,max,0,0,0,0,0,0,0,0,0,31
connectors,avg,0,0,0,0,0,0,0,0,0,649
connectors,min,0,0,0,0,0,0,0,0,0,649
connectors,max,0,0,0,0,0,0,0,0,0,649
rcp,avg,0,0,0,0,0,0,0,0,0,6
rcp,min,0,0,0,0,0,0,0,0,0,6
rcp,max,0,0,0,0,0,0,0,0,0,6
hmi,avg,0,0,0,0,0,0,0,0,0,23
hmi,min,0,0,0,0,0,0,0,0,0,23
hmi,max,0,0,0,0,0,0,0,0,0,23
package,avg,0,0,0,0,0,0,0,0,0,26
package,min,0,0,0,0,0,0,0,0,0,26
package,max,0,0,0,0,0,0,0,0,0,26
plugins,avg,0,0,0,0,0,0,0,0,0,320
plugins,min,0,0,0,0,0,0,0,0,0,320
plugins,max,0,0,0,0,0,0,0,0,0,320
releng,avg,0,0,0,0,0,0,0,0,0,71
releng,min,0,0,0,0,0,0,0,0,0,71
releng,max,0,0,0,0,0,0,0,0,0,71
tablecombo,avg,0,0,0,0,0,0,0,0,0,27
tablecombo,min,0,0,0,0,0,0,0,0,0,27
tablecombo,max,0,0,0,0,0,0,0,0,0,27
lib,avg,0,0,0,0,0,0,0,0,0,8
lib,min,0,0,0,0,0,0,0,0,0,8
lib,max,0,0,0,0,0,0,0,0,0,8
ios,avg,0,0,0,0,0,0,0,0,0,10
ios,min,0,0,0,0,0,0,0,0,0,10
ios,max,0,0,0,0,0,0,0,0,0,10
remote,avg,0,0,0,0,0,0,0,0,0,58
remote,min,0,0,0,0,0,0,0,0,0,58
remote,max,0,0,0,0,0,0,0,0,0,58
moxy,avg,0,0,0,0,0,0,0,0,0,900
moxy,min,0,0,0,0,0,0,0,0,0,900
moxy,max,0,0,0,0,0,0,0,0,0,900
reportdesigner,avg,0,0,0,0,0,0,0,0,0,3888
reportdesigner,min,0,0,0,0,0,0,0,0,0,3888
reportdesigner,max,0,0,0,0,0,0,0,0,0,3888
dev,avg,0,0,0,0,0,0,0,0,0,5
dev,min,0,0,0,0,0,0,0,0,0,5
dev,max,0,0,0,0,0,0,0,0,0,5
oseetestenvironment(ote),avg,0,0,0,0,0,0,0,0,0,14
oseetestenvironment(ote),min,0,0,0,0,0,0,0,0,0,14
oseetestenvironment(ote),max,0,0,0,0,0,0,0,0,0,14
xml,avg,0,0,0,0,0,0,0,0,0,96
xml,min,0,0,0,0,0,0,0,0,0,96
xml,max,0,0,0,0,0,0,0,0,0,96
sci,avg,0,0,0,0,0,0,0,0,0,10
sci,min,0,0,0,0,0,0,0,0,0,10
sci,max,0,0,0,0,0,0,0,0,0,10
jstools,avg,0,0,0,0,0,0,0,0,0,720
jstools,min,0,0,0,0,0,0,0,0,0,720
jstools,max,0,0,0,0,0,0,0,0,0,720
usagedatacollector,avg,0,0,0,0,0,0,0,0,0,161
usagedatacollector,min,0,0,0,0,0,0,0,0,0,161
usagedatacollector,max,0,0,0,0,0,0,0,0,0,161
applicationtypes,avg,0,0,0,0,0,0,0,0,0,2
applicationtypes,min,0,0,0,0,0,0,0,0,0,2
applicationtypes,max,0,0,0,0,0,0,0,0,0,2
nav,avg,0,0,0,0,0,0,0,0,0,109
nav,min,0,0,0,0,0,0,0,0,0,109
nav,max,0,0,0,0,0,0,0,0,0,109
cda,avg,0,0,0,0,0,0,0,0,0,11
cda,min,0,0,0,0,0,0,0,0,0,11
cda,max,0,0,0,0,0,0,0,0,0,11
ide,avg,0,0,0,0,0,0,0,0,0,347
ide,min,0,0,0,0,0,0,0,0,0,347
ide,max,0,0,0,0,0,0,0,0,0,347
cola,avg,0,0,0,0,0,0,0,0,0,43
cola,min,0,0,0,0,0,0,0,0,0,43
cola,max,0,0,0,0,0,0,0,0,0,43
eswt,avg,0,0,0,0,0,0,0,0,0,487
eswt,min,0,0,0,0,0,0,0,0,0,487
eswt,max,0,0,0,0,0,0,0,0,0,487
wiki,avg,0,0,0,0,0,0,0,0,0,2
wiki,min,0,0,0,0,0,0,0,0,0,2
wiki,max,0,0,0,0,0,0,0,0,0,2
documentation,avg,0,0,0,0,0,0,0,0,0,978
documentation,min,0,0,0,0,0,0,0,0,0,978
documentation,max,0,0,0,0,0,0,0,0,0,978
ai,avg,0,0,0,0,0,0,0,0,0,804
ai,min,0,0,0,0,0,0,0,0,0,804
ai,max,0,0,0,0,0,0,0,0,0,804
revisiongraph,avg,0,0,0,0,0,0,0,0,0,65
revisiongraph,min,0,0,0,0,0,0,0,0,0,65
revisiongraph,max,0,0,0,0,0,0,0,0,0,65
calendarcombo,avg,0,0,0,0,0,0,0,0,0,78
calendarcombo,min,0,0,0,0,0,0,0,0,0,78
calendarcombo,max,0,0,0,0,0,0,0,0,0,78
cdi,avg,0,0,0,0,0,0,0,0,0,5
cdi,min,0,0,0,0,0,0,0,0,0,5
cdi,max,0,0,0,0,0,0,0,0,0,5
analysis,avg,0,0,0,0,0,0,0,0,0,9
analysis,min,0,0,0,0,0,0,0,0,0,9
analysis,max,0,0,0,0,0,0,0,0,0,9
packages,avg,0,0,0,0,0,0,0,0,0,31
packages,min,0,0,0,0,0,0,0,0,0,31
packages,max,0,0,0,0,0,0,0,0,0,31
picturecontrol,avg,0,0,0,0,0,0,0,0,0,4
picturecontrol,min,0,0,0,0,0,0,0,0,0,4
picturecontrol,max,0,0,0,0,0,0,0,0,0,4
packager,avg,0,0,0,0,0,0,0,0,0,163
packager,min,0,0,0,0,0,0,0,0,0,163
packager,max,0,0,0,0,0,0,0,0,0,163
proxy,avg,0,0,0,0,0,0,0,0,0,25
proxy,min,0,0,0,0,0,0,0,0,0,25
proxy,max,0,0,0,0,0,0,0,0,0,25
extensions,avg,0,0,0,0,0,0,0,0,0,8
extensions,min,0,0,0,0,0,0,0,0,0,8
extensions,max,0,0,0,0,0,0,0,0,0,8
util,avg,0,0,0,0,0,0,0,0,0,27
util,min,0,0,0,0,0,0,0,0,0,27
util,max,0,0,0,0,0,0,0,0,0,27
package,avg,0,0,0,0,0,0,0,0,0,23
package,min,0,0,0,0,0,0,0,0,0,23
package,max,0,0,0,0,0,0,0,0,0,23
ecore,avg,0,0,0,0,0,0,0,0,0,48
ecore,min,0,0,0,0,0,0,0,0,0,48
ecore,max,0,0,0,0,0,0,0,0,0,48
sdk,avg,0,0,0,0,0,0,0,0,0,40
sdk,min,0,0,0,0,0,0,0,0,0,40
sdk,max,0,0,0,0,0,0,0,0,0,40
sdo,avg,0,0,0,0,0,0,0,0,0,314
sdo,min,0,0,0,0,0,0,0,0,0,314
sdo,max,0,0,0,0,0,0,0,0,0,314
recorder/generator,avg,0,0,0,0,0,0,0,0,0,51
recorder/generator,min,0,0,0,0,0,0,0,0,0,51
recorder/generator,max,0,0,0,0,0,0,0,0,0,51
twitterhub,avg,0,0,0,0,0,0,0,0,0,52
twitterhub,min,0,0,0,0,0,0,0,0,0,52
twitterhub,max,0,0,0,0,0,0,0,0,0,52
compare,avg,0,0,0,0,0,0,0,0,0,1374
compare,min,0,0,0,0,0,0,0,0,0,1374
compare,max,0,0,0,0,0,0,0,0,0,1374
miscellaneous,avg,0,0,0,0,0,0,0,0,0,4
miscellaneous,min,0,0,0,0,0,0,0,0,0,4
miscellaneous,max,0,0,0,0,0,0,0,0,0,4
builder,avg,0,0,0,0,0,0,0,0,0,84
builder,min,0,0,0,0,0,0,0,0,0,84
builder,max,0,0,0,0,0,0,0,0,0,84
amfui,avg,0,0,0,0,0,0,0,0,0,38
amfui,min,0,0,0,0,0,0,0,0,0,38
amfui,max,0,0,0,0,0,0,0,0,0,38
editor&amp;outlineview,avg,0,0,0,0,0,0,0,0,0,171
editor&amp;outlineview,min,0,0,0,0,0,0,0,0,0,171
editor&amp;outlineview,max,0,0,0,0,0,0,0,0,0,171
jsp,avg,0,0,0,0,0,0,0,0,0,6
jsp,min,0,0,0,0,0,0,0,0,0,6
jsp,max,0,0,0,0,0,0,0,0,0,6
debugcore,avg,0,0,0,0,0,0,0,0,0,112
debugcore,min,0,0,0,0,0,0,0,0,0,112
debugcore,max,0,0,0,0,0,0,0,0,0,112
incubators,avg,0,0,0,0,0,0,0,0,0,168
incubators,min,0,0,0,0,0,0,0,0,0,168
incubators,max,0,0,0,0,0,0,0,0,0,168
validationruntimeextensions,avg,0,0,0,0,0,0,0,0,0,12
validationruntimeextensions,min,0,0,0,0,0,0,0,0,0,12
validationruntimeextensions,max,0,0,0,0,0,0,0,0,0,12
eis,avg,0,0,0,0,0,0,0,0,0,6
eis,min,0,0,0,0,0,0,0,0,0,6
eis,max,0,0,0,0,0,0,0,0,0,6
expressionlanguage,avg,0,0,0,0,0,0,0,0,0,7
expressionlanguage,min,0,0,0,0,0,0,0,0,0,7
expressionlanguage,max,0,0,0,0,0,0,0,0,0,7
embedder,avg,0,0,0,0,0,0,0,0,0,31
embedder,min,0,0,0,0,0,0,0,0,0,31
embedder,max,0,0,0,0,0,0,0,0,0,31
cep,avg,0,0,0,0,0,0,0,0,0,47
cep,min,0,0,0,0,0,0,0,0,0,47
cep,max,0,0,0,0,0,0,0,0,0,47
commonbuilder(retired),avg,0,0,0,0,0,0,0,0,0,2
commonbuilder(retired),min,0,0,0,0,0,0,0,0,0,2
commonbuilder(retired),max,0,0,0,0,0,0,0,0,0,2
mint,avg,0,0,0,0,0,0,0,0,0,53
mint,min,0,0,0,0,0,0,0,0,0,53
mint,max,0,0,0,0,0,0,0,0,0,53
releng/management,avg,0,0,0,0,0,0,0,0,0,15
releng/management,min,0,0,0,0,0,0,0,0,0,15
releng/management,max,0,0,0,0,0,0,0,0,0,15
search,avg,0,0,0,0,0,0,0,0,0,1866
search,min,0,0,0,0,0,0,0,0,0,1866
search,max,0,0,0,0,0,0,0,0,0,1866
clientcore,avg,0,0,0,0,0,0,0,0,0,207
clientcore,min,0,0,0,0,0,0,0,0,0,207
clientcore,max,0,0,0,0,0,0,0,0,0,207
debugger&amp;consoleview,avg,0,0,0,0,0,0,0,0,0,43
debugger&amp;consoleview,min,0,0,0,0,0,0,0,0,0,43
debugger&amp;consoleview,max,0,0,0,0,0,0,0,0,0,43
extdoc,avg,0,0,0,0,0,0,0,0,0,42
extdoc,min,0,0,0,0,0,0,0,0,0,42
extdoc,max,0,0,0,0,0,0,0,0,0,42
rcp,avg,0,0,0,0,0,0,0,0,0,107
rcp,min,0,0,0,0,0,0,0,0,0,107
rcp,max,0,0,0,0,0,0,0,0,0,107
completion,avg,0,0,0,0,0,0,0,0,0,318
completion,min,0,0,0,0,0,0,0,0,0,318
completion,max,0,0,0,0,0,0,0,0,0,318
website,avg,0,0,0,0,0,0,0,0,0,1698
website,min,0,0,0,0,0,0,0,0,0,1698
website,max,0,0,0,0,0,0,0,0,0,1698
sync,avg,0,0,0,0,0,0,0,0,0,218
sync,min,0,0,0,0,0,0,0,0,0,218
sync,max,0,0,0,0,0,0,0,0,0,218
generalui,avg,0,0,0,0,0,0,0,0,0,1270
generalui,min,0,0,0,0,0,0,0,0,0,1270
generalui,max,0,0,0,0,0,0,0,0,0,1270
aggregator,avg,0,0,0,0,0,0,0,0,0,100
aggregator,min,0,0,0,0,0,0,0,0,0,100
aggregator,max,0,0,0,0,0,0,0,0,0,100
shelled,avg,0,0,0,0,0,0,0,0,0,4
shelled,min,0,0,0,0,0,0,0,0,0,4
shelled,max,0,0,0,0,0,0,0,0,0,4
website/doc,avg,0,0,0,0,0,0,0,0,0,1
website/doc,min,0,0,0,0,0,0,0,0,0,1
website/doc,max,0,0,0,0,0,0,0,0,0,1
package,avg,0,0,0,0,0,0,0,0,0,2
package,min,0,0,0,0,0,0,0,0,0,2
package,max,0,0,0,0,0,0,0,0,0,2
collapsiblebuttons,avg,0,0,0,0,0,0,0,0,0,4
collapsiblebuttons,min,0,0,0,0,0,0,0,0,0,4
collapsiblebuttons,max,0,0,0,0,0,0,0,0,0,4
e4,avg,0,0,0,0,0,0,0,0,0,29
e4,min,0,0,0,0,0,0,0,0,0,29
e4,max,0,0,0,0,0,0,0,0,0,29
package,avg,0,0,0,0,0,0,0,0,0,21
package,min,0,0,0,0,0,0,0,0,0,21
package,max,0,0,0,0,0,0,0,0,0,21
swing,avg,0,0,0,0,0,0,0,0,0,241
swing,min,0,0,0,0,0,0,0,0,0,241
swing,max,0,0,0,0,0,0,0,0,0,241
wizard,avg,0,0,0,0,0,0,0,0,0,553
wizard,min,0,0,0,0,0,0,0,0,0,553
wizard,max,0,0,0,0,0,0,0,0,0,553
facet,avg,0,0,0,0,0,0,0,0,0,91
facet,min,0,0,0,0,0,0,0,0,0,91
facet,max,0,0,0,0,0,0,0,0,0,91
scout,avg,0,0,0,0,0,0,0,0,0,1667
scout,min,0,0,0,0,0,0,0,0,0,1667
scout,max,0,0,0,0,0,0,0,0,0,1667
visualization,avg,0,0,0,0,0,0,0,0,0,293
visualization,min,0,0,0,0,0,0,0,0,0,293
visualization,max,0,0,0,0,0,0,0,0,0,293
epfwiki,avg,0,0,0,0,0,0,0,0,0,164
epfwiki,min,0,0,0,0,0,0,0,0,0,164
epfwiki,max,0,0,0,0,0,0,0,0,0,164
gefdot,avg,0,0,0,0,0,0,0,0,0,60
gefdot,min,0,0,0,0,0,0,0,0,0,60
gefdot,max,0,0,0,0,0,0,0,0,0,60
rdt,avg,0,0,0,0,0,0,0,0,0,773
rdt,min,0,0,0,0,0,0,0,0,0,773
rdt,max,0,0,0,0,0,0,0,0,0,773
warproducts,avg,0,0,0,0,0,0,0,0,0,167
warproducts,min,0,0,0,0,0,0,0,0,0,167
warproducts,max,0,0,0,0,0,0,0,0,0,167
debugger,avg,0,0,0,0,0,0,0,0,0,1524
debugger,min,0,0,0,0,0,0,0,0,0,1524
debugger,max,0,0,0,0,0,0,0,0,0,1524
geflayout,avg,0,0,0,0,0,0,0,0,0,15
geflayout,min,0,0,0,0,0,0,0,0,0,15
geflayout,max,0,0,0,0,0,0,0,0,0,15
isp,avg,0,0,0,0,0,0,0,0,0,22
isp,min,0,0,0,0,0,0,0,0,0,22
isp,max,0,0,0,0,0,0,0,0,0,22
mpidevelopmenttools,avg,0,0,0,0,0,0,0,0,0,2
mpidevelopmenttools,min,0,0,0,0,0,0,0,0,0,2
mpidevelopmenttools,max,0,0,0,0,0,0,0,0,0,2
lttng,avg,0,0,0,0,0,0,0,0,0,119
lttng,min,0,0,0,0,0,0,0,0,0,119
lttng,max,0,0,0,0,0,0,0,0,0,119
securitymanagement,avg,0,0,0,0,0,0,0,0,0,3
securitymanagement,min,0,0,0,0,0,0,0,0,0,3
securitymanagement,max,0,0,0,0,0,0,0,0,0,3
remotetools,avg,0,0,0,0,0,0,0,0,0,199
remotetools,min,0,0,0,0,0,0,0,0,0,199
remotetools,max,0,0,0,0,0,0,0,0,0,199
oseeapplicationframework,avg,0,0,0,0,0,0,0,0,0,185
oseeapplicationframework,min,0,0,0,0,0,0,0,0,0,185
oseeapplicationframework,max,0,0,0,0,0,0,0,0,0,185
2,avg,0,0,0,0,0,0,0,0,0,5
2,min,0,0,0,0,0,0,0,0,0,5
2,max,0,0,0,0,0,0,0,0,0,5
packagecontent,avg,0,0,0,0,0,0,0,0,0,156
packagecontent,min,0,0,0,0,0,0,0,0,0,156
packagecontent,max,0,0,0,0,0,0,0,0,0,156
dsf,avg,0,0,0,0,0,0,0,0,0,1000
dsf,min,0,0,0,0,0,0,0,0,0,1000
dsf,max,0,0,0,0,0,0,0,0,0,1000
jgit,avg,0,0,0,0,0,0,0,0,0,8
jgit,min,0,0,0,0,0,0,0,0,0,8
jgit,max,0,0,0,0,0,0,0,0,0,8
db,avg,0,0,0,0,0,0,0,0,0,252
db,min,0,0,0,0,0,0,0,0,0,252
db,max,0,0,0,0,0,0,0,0,0,252
p2repositoryanalyzers,avg,0,0,0,0,0,0,0,0,0,4
p2repositoryanalyzers,min,0,0,0,0,0,0,0,0,0,4
p2repositoryanalyzers,max,0,0,0,0,0,0,0,0,0,4
workbench,avg,0,0,0,0,0,0,0,0,0,750
workbench,min,0,0,0,0,0,0,0,0,0,750
workbench,max,0,0,0,0,0,0,0,0,0,750
p2management,avg,0,0,0,0,0,0,0,0,0,110
p2management,min,0,0,0,0,0,0,0,0,0,110
p2management,max,0,0,0,0,0,0,0,0,0,110
protocols,avg,0,0,0,0,0,0,0,0,0,8
protocols,min,0,0,0,0,0,0,0,0,0,8
protocols,max,0,0,0,0,0,0,0,0,0,8
others,avg,0,0,0,0,0,0,0,0,0,899
others,min,0,0,0,0,0,0,0,0,0,899
others,max,0,0,0,0,0,0,0,0,0,899
eclipsebot,avg,0,0,0,0,0,0,0,0,0,181
eclipsebot,min,0,0,0,0,0,0,0,0,0,181
eclipsebot,max,0,0,0,0,0,0,0,0,0,181
refactoringengine,avg,0,0,0,0,0,0,0,0,0,99
refactoringengine,min,0,0,0,0,0,0,0,0,0,99
refactoringengine,max,0,0,0,0,0,0,0,0,0,99
test,avg,0,0,0,0,0,0,0,0,0,28
test,min,0,0,0,0,0,0,0,0,0,28
test,max,0,0,0,0,0,0,0,0,0,28
legacy,avg,0,0,0,0,0,0,0,0,0,39
legacy,min,0,0,0,0,0,0,0,0,0,39
legacy,max,0,0,0,0,0,0,0,0,0,39
patterns,avg,0,0,0,0,0,0,0,0,0,76
patterns,min,0,0,0,0,0,0,0,0,0,76
patterns,max,0,0,0,0,0,0,0,0,0,76
doc,avg,0,0,0,0,0,0,0,0,0,62
doc,min,0,0,0,0,0,0,0,0,0,62
doc,max,0,0,0,0,0,0,0,0,0,62
eclipsemodeler,avg,0,0,0,0,0,0,0,0,0,44
eclipsemodeler,min,0,0,0,0,0,0,0,0,0,44
eclipsemodeler,max,0,0,0,0,0,0,0,0,0,44
datashare,avg,0,0,0,0,0,0,0,0,0,10
datashare,min,0,0,0,0,0,0,0,0,0,10
datashare,max,0,0,0,0,0,0,0,0,0,10
core,avg,0,0,0,0,0,0,0,0,0,4
core,min,0,0,0,0,0,0,0,0,0,4
core,max,0,0,0,0,0,0,0,0,0,4
package,avg,0,0,0,0,0,0,0,0,0,15
package,min,0,0,0,0,0,0,0,0,0,15
package,max,0,0,0,0,0,0,0,0,0,15
tests,avg,0,0,0,0,0,0,0,0,0,25
tests,min,0,0,0,0,0,0,0,0,0,25
tests,max,0,0,0,0,0,0,0,0,0,25
parser,avg,0,0,0,0,0,0,0,0,0,2161
parser,min,0,0,0,0,0,0,0,0,0,2161
parser,max,0,0,0,0,0,0,0,0,0,2161
codan,avg,0,0,0,0,0,0,0,0,0,324
codan,min,0,0,0,0,0,0,0,0,0,324
codan,max,0,0,0,0,0,0,0,0,0,324
irms,avg,0,0,0,0,0,0,0,0,0,19
irms,min,0,0,0,0,0,0,0,0,0,19
irms,max,0,0,0,0,0,0,0,0,0,19
ace,avg,0,0,0,0,0,0,0,0,0,8
ace,min,0,0,0,0,0,0,0,0,0,8
ace,max,0,0,0,0,0,0,0,0,0,8
codegenerators,avg,0,0,0,0,0,0,0,0,0,61
codegenerators,min,0,0,0,0,0,0,0,0,0,61
codegenerators,max,0,0,0,0,0,0,0,0,0,61
sys,avg,0,0,0,0,0,0,0,0,0,7
sys,min,0,0,0,0,0,0,0,0,0,7
sys,max,0,0,0,0,0,0,0,0,0,7
ui,avg,0,0,0,0,0,0,0,0,0,41
ui,min,0,0,0,0,0,0,0,0,0,41
ui,max,0,0,0,0,0,0,0,0,0,41
gefzest,avg,0,0,0,0,0,0,0,0,0,117
gefzest,min,0,0,0,0,0,0,0,0,0,117
gefzest,max,0,0,0,0,0,0,0,0,0,117
browsertooling,avg,0,0,0,0,0,0,0,0,0,65
browsertooling,min,0,0,0,0,0,0,0,0,0,65
browsertooling,max,0,0,0,0,0,0,0,0,0,65
xsd,avg,0,0,0,0,0,0,0,0,0,6
xsd,min,0,0,0,0,0,0,0,0,0,6
xsd,max,0,0,0,0,0,0,0,0,0,6
ems,avg,0,0,0,0,0,0,0,0,0,20
ems,min,0,0,0,0,0,0,0,0,0,20
ems,max,0,0,0,0,0,0,0,0,0,20
releaseengineer,avg,0,0,0,0,0,0,0,0,0,153
releaseengineer,min,0,0,0,0,0,0,0,0,0,153
releaseengineer,max,0,0,0,0,0,0,0,0,0,153
content,avg,0,0,0,0,0,0,0,0,0,775
content,min,0,0,0,0,0,0,0,0,0,775
content,max,0,0,0,0,0,0,0,0,0,775
desktop,avg,0,0,0,0,0,0,0,0,0,38
desktop,min,0,0,0,0,0,0,0,0,0,38
desktop,max,0,0,0,0,0,0,0,0,0,38
refactoring,avg,0,0,0,0,0,0,0,0,0,9
refactoring,min,0,0,0,0,0,0,0,0,0,9
refactoring,max,0,0,0,0,0,0,0,0,0,9
keyboardlayouts,avg,0,0,0,0,0,0,0,0,0,19
keyboardlayouts,min,0,0,0,0,0,0,0,0,0,19
keyboardlayouts,max,0,0,0,0,0,0,0,0,0,19
iplogtool,avg,0,0,0,0,0,0,0,0,0,63
iplogtool,min,0,0,0,0,0,0,0,0,0,63
iplogtool,max,0,0,0,0,0,0,0,0,0,63
engine,avg,0,0,0,0,0,0,0,0,0,1429
engine,min,0,0,0,0,0,0,0,0,0,1429
engine,max,0,0,0,0,0,0,0,0,0,1429
client,avg,0,0,0,0,0,0,0,0,0,4743
client,min,0,0,0,0,0,0,0,0,0,4743
client,max,0,0,0,0,0,0,0,0,0,4743
jetty,avg,0,0,0,0,0,0,0,0,0,28
jetty,min,0,0,0,0,0,0,0,0,0,28
jetty,max,0,0,0,0,0,0,0,0,0,28
compiler,avg,0,0,0,0,0,0,0,0,0,3324
compiler,min,0,0,0,0,0,0,0,0,0,3324
compiler,max,0,0,0,0,0,0,0,0,0,3324
reporting,avg,0,0,0,0,0,0,0,0,0,25
reporting,min,0,0,0,0,0,0,0,0,0,25
reporting,max,0,0,0,0,0,0,0,0,0,25
views,avg,0,0,0,0,0,0,0,0,0,470
views,min,0,0,0,0,0,0,0,0,0,470
views,max,0,0,0,0,0,0,0,0,0,470
remoteserviceadmin,avg,0,0,0,0,0,0,0,0,0,105
remoteserviceadmin,min,0,0,0,0,0,0,0,0,0,105
remoteserviceadmin,max,0,0,0,0,0,0,0,0,0,105
misc,avg,0,0,0,0,0,0,0,0,0,102
misc,min,0,0,0,0,0,0,0,0,0,102
misc,max,0,0,0,0,0,0,0,0,0,102
projectmanagement,avg,0,0,0,0,0,0,0,0,0,20
projectmanagement,min,0,0,0,0,0,0,0,0,0,20
projectmanagement,max,0,0,0,0,0,0,0,0,0,20
crossissues,avg,0,0,0,0,0,0,0,0,0,48
crossissues,min,0,0,0,0,0,0,0,0,0,48
crossissues,max,0,0,0,0,0,0,0,0,0,48
eworkbench,avg,0,0,0,0,0,0,0,0,0,39
eworkbench,min,0,0,0,0,0,0,0,0,0,39
eworkbench,max,0,0,0,0,0,0,0,0,0,39
informationunits,avg,0,0,0,0,0,0,0,0,0,18
informationunits,min,0,0,0,0,0,0,0,0,0,18
informationunits,max,0,0,0,0,0,0,0,0,0,18
mobile,avg,0,0,0,0,0,0,0,0,0,420
mobile,min,0,0,0,0,0,0,0,0,0,420
mobile,max,0,0,0,0,0,0,0,0,0,420
monitor,avg,0,0,0,0,0,0,0,0,0,331
monitor,min,0,0,0,0,0,0,0,0,0,331
monitor,max,0,0,0,0,0,0,0,0,0,331
emfatic,avg,0,0,0,0,0,0,0,0,0,23
emfatic,min,0,0,0,0,0,0,0,0,0,23
emfatic,max,0,0,0,0,0,0,0,0,0,23
otequinox,avg,0,0,0,0,0,0,0,0,0,15
otequinox,min,0,0,0,0,0,0,0,0,0,15
otequinox,max,0,0,0,0,0,0,0,0,0,15
pgroup,avg,0,0,0,0,0,0,0,0,0,6
pgroup,min,0,0,0,0,0,0,0,0,0,6
pgroup,max,0,0,0,0,0,0,0,0,0,6
pe,avg,0,0,0,0,0,0,0,0,0,25
pe,min,0,0,0,0,0,0,0,0,0,25
pe,max,0,0,0,0,0,0,0,0,0,25
searchframework,avg,0,0,0,0,0,0,0,0,0,33
searchframework,min,0,0,0,0,0,0,0,0,0,33
searchframework,max,0,0,0,0,0,0,0,0,0,33
versionmanagement,avg,0,0,0,0,0,0,0,0,0,19
versionmanagement,min,0,0,0,0,0,0,0,0,0,19
versionmanagement,max,0,0,0,0,0,0,0,0,0,19
ajbrowser,avg,0,0,0,0,0,0,0,0,0,37
ajbrowser,min,0,0,0,0,0,0,0,0,0,37
ajbrowser,max,0,0,0,0,0,0,0,0,0,37
setup,avg,0,0,0,0,0,0,0,0,0,1336
setup,min,0,0,0,0,0,0,0,0,0,1336
setup,max,0,0,0,0,0,0,0,0,0,1336
inject,avg,0,0,0,0,0,0,0,0,0,49
inject,min,0,0,0,0,0,0,0,0,0,49
inject,max,0,0,0,0,0,0,0,0,0,49
gefbot,avg,0,0,0,0,0,0,0,0,0,22
gefbot,min,0,0,0,0,0,0,0,0,0,22
gefbot,max,0,0,0,0,0,0,0,0,0,22
debug,avg,0,0,0,0,0,0,0,0,0,2006
debug,min,0,0,0,0,0,0,0,0,0,2006
debug,max,0,0,0,0,0,0,0,0,0,2006
emfdatabinding,avg,0,0,0,0,0,0,0,0,0,5
emfdatabinding,min,0,0,0,0,0,0,0,0,0,5
emfdatabinding,max,0,0,0,0,0,0,0,0,0,5
agf,avg,0,0,0,0,0,0,0,0,0,5
agf,min,0,0,0,0,0,0,0,0,0,5
agf,max,0,0,0,0,0,0,0,0,0,5
otdt,avg,0,0,0,0,0,0,0,0,0,85
otdt,min,0,0,0,0,0,0,0,0,0,85
otdt,max,0,0,0,0,0,0,0,0,0,85
package,avg,0,0,0,0,0,0,0,0,0,3
package,min,0,0,0,0,0,0,0,0,0,3
package,max,0,0,0,0,0,0,0,0,0,3
addons,avg,0,0,0,0,0,0,0,0,0,7
addons,min,0,0,0,0,0,0,0,0,0,7
addons,max,0,0,0,0,0,0,0,0,0,7
simulation,avg,0,0,0,0,0,0,0,0,0,20
simulation,min,0,0,0,0,0,0,0,0,0,20
simulation,max,0,0,0,0,0,0,0,0,0,20
gdb,avg,0,0,0,0,0,0,0,0,0,672
gdb,min,0,0,0,0,0,0,0,0,0,672
gdb,max,0,0,0,0,0,0,0,0,0,672
desktopintegration,avg,0,0,0,0,0,0,0,0,0,4
desktopintegration,min,0,0,0,0,0,0,0,0,0,4
desktopintegration,max,0,0,0,0,0,0,0,0,0,4
navigator&amp;editorsockets,avg,0,0,0,0,0,0,0,0,0,38
navigator&amp;editorsockets,min,0,0,0,0,0,0,0,0,0,38
navigator&amp;editorsockets,max,0,0,0,0,0,0,0,0,0,38
utilities,avg,0,0,0,0,0,0,0,0,0,90
utilities,min,0,0,0,0,0,0,0,0,0,90
utilities,max,0,0,0,0,0,0,0,0,0,90
tmf,avg,0,0,0,0,0,0,0,0,0,335
tmf,min,0,0,0,0,0,0,0,0,0,335
tmf,max,0,0,0,0,0,0,0,0,0,335
nebulaextension,avg,0,0,0,0,0,0,0,0,0,5
nebulaextension,min,0,0,0,0,0,0,0,0,0,5
nebulaextension,max,0,0,0,0,0,0,0,0,0,5
xpand,avg,0,0,0,0,0,0,0,0,0,619
xpand,min,0,0,0,0,0,0,0,0,0,619
xpand,max,0,0,0,0,0,0,0,0,0,619
navigation,avg,0,0,0,0,0,0,0,0,0,146
navigation,min,0,0,0,0,0,0,0,0,0,146
navigation,max,0,0,0,0,0,0,0,0,0,146
problemsview&amp;errormarkers,avg,0,0,0,0,0,0,0,0,0,29
problemsview&amp;errormarkers,min,0,0,0,0,0,0,0,0,0,29
problemsview&amp;errormarkers,max,0,0,0,0,0,0,0,0,0,29
translations,avg,0,0,0,0,0,0,0,0,0,141
translations,min,0,0,0,0,0,0,0,0,0,141
translations,max,0,0,0,0,0,0,0,0,0,141
rio,avg,0,0,0,0,0,0,0,0,0,97
rio,min,0,0,0,0,0,0,0,0,0,97
rio,max,0,0,0,0,0,0,0,0,0,97
model,avg,0,0,0,0,0,0,0,0,0,211
model,min,0,0,0,0,0,0,0,0,0,211
model,max,0,0,0,0,0,0,0,0,0,211
text,avg,0,0,0,0,0,0,0,0,0,11818
text,min,0,0,0,0,0,0,0,0,0,11818
text,max,0,0,0,0,0,0,0,0,0,11818
texo,avg,0,0,0,0,0,0,0,0,0,311
texo,min,0,0,0,0,0,0,0,0,0,311
texo,max,0,0,0,0,0,0,0,0,0,311
datechooser,avg,0,0,0,0,0,0,0,0,0,26
datechooser,min,0,0,0,0,0,0,0,0,0,26
datechooser,max,0,0,0,0,0,0,0,0,0,26
validation,avg,0,0,0,0,0,0,0,0,0,301
validation,min,0,0,0,0,0,0,0,0,0,301
validation,max,0,0,0,0,0,0,0,0,0,301
tasks,avg,0,0,0,0,0,0,0,0,0,2733
tasks,min,0,0,0,0,0,0,0,0,0,2733
tasks,max,0,0,0,0,0,0,0,0,0,2733
python,avg,0,0,0,0,0,0,0,0,0,32
python,min,0,0,0,0,0,0,0,0,0,32
python,max,0,0,0,0,0,0,0,0,0,32
mapping,avg,0,0,0,0,0,0,0,0,0,80
mapping,min,0,0,0,0,0,0,0,0,0,80
mapping,max,0,0,0,0,0,0,0,0,0,80
ltweaving,avg,0,0,0,0,0,0,0,0,0,458
ltweaving,min,0,0,0,0,0,0,0,0,0,458
ltweaving,max,0,0,0,0,0,0,0,0,0,458
package,avg,0,0,0,0,0,0,0,0,0,171
package,min,0,0,0,0,0,0,0,0,0,171
package,max,0,0,0,0,0,0,0,0,0,171
templates,avg,0,0,0,0,0,0,0,0,0,161
templates,min,0,0,0,0,0,0,0,0,0,161
templates,max,0,0,0,0,0,0,0,0,0,161
testing,avg,0,0,0,0,0,0,0,0,0,3
testing,min,0,0,0,0,0,0,0,0,0,3
testing,max,0,0,0,0,0,0,0,0,0,3
forte,avg,0,0,0,0,0,0,0,0,0,116
forte,min,0,0,0,0,0,0,0,0,0,116
forte,max,0,0,0,0,0,0,0,0,0,116
other,avg,0,0,0,0,0,0,0,0,0,723
other,min,0,0,0,0,0,0,0,0,0,723
other,max,0,0,0,0,0,0,0,0,0,723
package,avg,0,0,0,0,0,0,0,0,0,4
package,min,0,0,0,0,0,0,0,0,0,4
package,max,0,0,0,0,0,0,0,0,0,4
wtp,avg,0,0,0,0,0,0,0,0,0,35
wtp,min,0,0,0,0,0,0,0,0,0,35
wtp,max,0,0,0,0,0,0,0,0,0,35
parser,avg,0,0,0,0,0,0,0,0,0,20
parser,min,0,0,0,0,0,0,0,0,0,20
parser,max,0,0,0,0,0,0,0,0,0,20
projectbuilder,avg,0,0,0,0,0,0,0,0,0,75
projectbuilder,min,0,0,0,0,0,0,0,0,0,75
projectbuilder,max,0,0,0,0,0,0,0,0,0,75
orionhub,avg,0,0,0,0,0,0,0,0,0,53
orionhub,min,0,0,0,0,0,0,0,0,0,53
orionhub,max,0,0,0,0,0,0,0,0,0,53
install,avg,0,0,0,0,0,0,0,0,0,298
install,min,0,0,0,0,0,0,0,0,0,298
install,max,0,0,0,0,0,0,0,0,0,298
toolbox,avg,0,0,0,0,0,0,0,0,0,8
toolbox,min,0,0,0,0,0,0,0,0,0,8
toolbox,max,0,0,0,0,0,0,0,0,0,8
doc,avg,0,0,0,0,0,0,0,0,0,2605
doc,min,0,0,0,0,0,0,0,0,0,2605
doc,max,0,0,0,0,0,0,0,0,0,2605
gui,avg,0,0,0,0,0,0,0,0,0,75
gui,min,0,0,0,0,0,0,0,0,0,75
gui,max,0,0,0,0,0,0,0,0,0,75
db,avg,0,0,0,0,0,0,0,0,0,31
db,min,0,0,0,0,0,0,0,0,0,31
db,max,0,0,0,0,0,0,0,0,0,31
forinternaluse,avg,0,0,0,0,0,0,0,0,0,229
forinternaluse,min,0,0,0,0,0,0,0,0,0,229
forinternaluse,max,0,0,0,0,0,0,0,0,0,229
artifactrepository,avg,0,0,0,0,0,0,0,0,0,41
artifactrepository,min,0,0,0,0,0,0,0,0,0,41
artifactrepository,max,0,0,0,0,0,0,0,0,0,41
actiontrackingsystem(ats),avg,0,0,0,0,0,0,0,0,0,146
actiontrackingsystem(ats),min,0,0,0,0,0,0,0,0,0,146
actiontrackingsystem(ats),max,0,0,0,0,0,0,0,0,0,146
phpsearch,avg,0,0,0,0,0,0,0,0,0,110
phpsearch,min,0,0,0,0,0,0,0,0,0,110
phpsearch,max,0,0,0,0,0,0,0,0,0,110
server,avg,0,0,0,0,0,0,0,0,0,2520
server,min,0,0,0,0,0,0,0,0,0,2520
server,max,0,0,0,0,0,0,0,0,0,2520
other,avg,0,0,0,0,0,0,0,0,0,567
other,min,0,0,0,0,0,0,0,0,0,567
other,max,0,0,0,0,0,0,0,0,0,567
metamodel,avg,0,0,0,0,0,0,0,0,0,25
metamodel,min,0,0,0,0,0,0,0,0,0,25
metamodel,max,0,0,0,0,0,0,0,0,0,25
oscilloscope,avg,0,0,0,0,0,0,0,0,0,13
oscilloscope,min,0,0,0,0,0,0,0,0,0,13
oscilloscope,max,0,0,0,0,0,0,0,0,0,13
usecases,avg,0,0,0,0,0,0,0,0,0,19
usecases,min,0,0,0,0,0,0,0,0,0,19
usecases,max,0,0,0,0,0,0,0,0,0,19
cell,avg,0,0,0,0,0,0,0,0,0,8
cell,min,0,0,0,0,0,0,0,0,0,8
cell,max,0,0,0,0,0,0,0,0,0,8
targets,avg,0,0,0,0,0,0,0,0,0,104
targets,min,0,0,0,0,0,0,0,0,0,104
targets,max,0,0,0,0,0,0,0,0,0,104
toolsmiths,avg,0,0,0,0,0,0,0,0,0,28
toolsmiths,min,0,0,0,0,0,0,0,0,0,28
toolsmiths,max,0,0,0,0,0,0,0,0,0,28
commandline,avg,0,0,0,0,0,0,0,0,0,1
commandline,min,0,0,0,0,0,0,0,0,0,1
commandline,max,0,0,0,0,0,0,0,0,0,1
sshslaves,avg,0,0,0,0,0,0,0,0,0,2
sshslaves,min,0,0,0,0,0,0,0,0,0,2
sshslaves,max,0,0,0,0,0,0,0,0,0,2
library,avg,0,0,0,0,0,0,0,0,0,47
library,min,0,0,0,0,0,0,0,0,0,47
library,max,0,0,0,0,0,0,0,0,0,47
xwt,avg,0,0,0,0,0,0,0,0,0,28
xwt,min,0,0,0,0,0,0,0,0,0,28
xwt,max,0,0,0,0,0,0,0,0,0,28
relational,avg,0,0,0,0,0,0,0,0,0,3
relational,min,0,0,0,0,0,0,0,0,0,3
relational,max,0,0,0,0,0,0,0,0,0,3
userassistance,avg,0,0,0,0,0,0,0,0,0,4987
userassistance,min,0,0,0,0,0,0,0,0,0,4987
userassistance,max,0,0,0,0,0,0,0,0,0,4987
contenttranslation,avg,0,0,0,0,0,0,0,0,0,15
contenttranslation,min,0,0,0,0,0,0,0,0,0,15
contenttranslation,max,0,0,0,0,0,0,0,0,0,15
http2,avg,0,0,0,0,0,0,0,0,0,98
http2,min,0,0,0,0,0,0,0,0,0,98
http2,max,0,0,0,0,0,0,0,0,0,98
bidilayout,avg,0,0,0,0,0,0,0,0,0,2
bidilayout,min,0,0,0,0,0,0,0,0,0,2
bidilayout,max,0,0,0,0,0,0,0,0,0,2
gefgraph,avg,0,0,0,0,0,0,0,0,0,25
gefgraph,min,0,0,0,0,0,0,0,0,0,25
gefgraph,max,0,0,0,0,0,0,0,0,0,25
commandlinetools,avg,0,0,0,0,0,0,0,0,0,5
commandlinetools,min,0,0,0,0,0,0,0,0,0,5
commandlinetools,max,0,0,0,0,0,0,0,0,0,5
table,avg,0,0,0,0,0,0,0,0,0,364
table,min,0,0,0,0,0,0,0,0,0,364
table,max,0,0,0,0,0,0,0,0,0,364
deployment,avg,0,0,0,0,0,0,0,0,0,124
deployment,min,0,0,0,0,0,0,0,0,0,124
deployment,max,0,0,0,0,0,0,0,0,0,124
xtexterrors,avg,0,0,0,0,0,0,0,0,0,213
xtexterrors,min,0,0,0,0,0,0,0,0,0,213
xtexterrors,max,0,0,0,0,0,0,0,0,0,213
managedmake,avg,0,0,0,0,0,0,0,0,0,61
managedmake,min,0,0,0,0,0,0,0,0,0,61
managedmake,max,0,0,0,0,0,0,0,0,0,61
fastcgi,avg,0,0,0,0,0,0,0,0,0,16
fastcgi,min,0,0,0,0,0,0,0,0,0,16
fastcgi,max,0,0,0,0,0,0,0,0,0,16
releaseengineering,avg,0,0,0,0,0,0,0,0,0,70
releaseengineering,min,0,0,0,0,0,0,0,0,0,70
releaseengineering,max,0,0,0,0,0,0,0,0,0,70
composer,avg,0,0,0,0,0,0,0,0,0,50
composer,min,0,0,0,0,0,0,0,0,0,50
composer,max,0,0,0,0,0,0,0,0,0,50
outlineviews,avg,0,0,0,0,0,0,0,0,0,402
outlineviews,min,0,0,0,0,0,0,0,0,0,402
outlineviews,max,0,0,0,0,0,0,0,0,0,402
legacydraw2d,avg,0,0,0,0,0,0,0,0,0,946
legacydraw2d,min,0,0,0,0,0,0,0,0,0,946
legacydraw2d,max,0,0,0,0,0,0,0,0,0,946
gefcommon,avg,0,0,0,0,0,0,0,0,0,15
gefcommon,min,0,0,0,0,0,0,0,0,0,15
gefcommon,max,0,0,0,0,0,0,0,0,0,15
mylyn,avg,0,0,0,0,0,0,0,0,0,77
mylyn,min,0,0,0,0,0,0,0,0,0,77
mylyn,max,0,0,0,0,0,0,0,0,0,77
prototype,avg,0,0,0,0,0,0,0,0,0,156
prototype,min,0,0,0,0,0,0,0,0,0,156
prototype,max,0,0,0,0,0,0,0,0,0,156
sdkmanagement,avg,0,0,0,0,0,0,0,0,0,65
sdkmanagement,min,0,0,0,0,0,0,0,0,0,65
sdkmanagement,max,0,0,0,0,0,0,0,0,0,65
build,avg,0,0,0,0,0,0,0,0,0,1745
build,min,0,0,0,0,0,0,0,0,0,1745
build,max,0,0,0,0,0,0,0,0,0,1745
package,avg,0,0,0,0,0,0,0,0,0,54
package,min,0,0,0,0,0,0,0,0,0,54
package,max,0,0,0,0,0,0,0,0,0,54
gdb,avg,0,0,0,0,0,0,0,0,0,294
gdb,min,0,0,0,0,0,0,0,0,0,294
gdb,max,0,0,0,0,0,0,0,0,0,294
framework,avg,0,0,0,0,0,0,0,0,0,2165
framework,min,0,0,0,0,0,0,0,0,0,2165
framework,max,0,0,0,0,0,0,0,0,0,2165
testharness,avg,0,0,0,0,0,0,0,0,0,9
testharness,min,0,0,0,0,0,0,0,0,0,9
testharness,max,0,0,0,0,0,0,0,0,0,9
luadevelopmenttools,avg,0,0,0,0,0,0,0,0,0,483
luadevelopmenttools,min,0,0,0,0,0,0,0,0,0,483
luadevelopmenttools,max,0,0,0,0,0,0,0,0,0,483
core,avg,0,0,0,0,0,0,0,0,0,2
core,min,0,0,0,0,0,0,0,0,0,2
core,max,0,0,0,0,0,0,0,0,0,2
report,avg,0,0,0,0,0,0,0,0,0,996
report,min,0,0,0,0,0,0,0,0,0,996
report,max,0,0,0,0,0,0,0,0,0,996
bootstrapper,avg,0,0,0,0,0,0,0,0,0,54
bootstrapper,min,0,0,0,0,0,0,0,0,0,54
bootstrapper,max,0,0,0,0,0,0,0,0,0,54
examples,avg,0,0,0,0,0,0,0,0,0,126
examples,min,0,0,0,0,0,0,0,0,0,126
examples,max,0,0,0,0,0,0,0,0,0,126
signing,avg,0,0,0,0,0,0,0,0,0,136
signing,min,0,0,0,0,0,0,0,0,0,136
signing,max,0,0,0,0,0,0,0,0,0,136
modelworkspace,avg,0,0,0,0,0,0,0,0,0,65
modelworkspace,min,0,0,0,0,0,0,0,0,0,65
modelworkspace,max,0,0,0,0,0,0,0,0,0,65
sbvr,avg,0,0,0,0,0,0,0,0,0,4
sbvr,min,0,0,0,0,0,0,0,0,0,4
sbvr,max,0,0,0,0,0,0,0,0,0,4
transaction,avg,0,0,0,0,0,0,0,0,0,429
transaction,min,0,0,0,0,0,0,0,0,0,429
transaction,max,0,0,0,0,0,0,0,0,0,429
wizards,avg,0,0,0,0,0,0,0,0,0,3
wizards,min,0,0,0,0,0,0,0,0,0,3
wizards,max,0,0,0,0,0,0,0,0,0,3
codeformatter,avg,0,0,0,0,0,0,0,0,0,601
codeformatter,min,0,0,0,0,0,0,0,0,0,601
codeformatter,max,0,0,0,0,0,0,0,0,0,601
creverser,avg,0,0,0,0,0,0,0,0,0,13
creverser,min,0,0,0,0,0,0,0,0,0,13
creverser,max,0,0,0,0,0,0,0,0,0,13
newsreader,avg,0,0,0,0,0,0,0,0,0,22
newsreader,min,0,0,0,0,0,0,0,0,0,22
newsreader,max,0,0,0,0,0,0,0,0,0,22
am3,avg,0,0,0,0,0,0,0,0,0,13
am3,min,0,0,0,0,0,0,0,0,0,13
am3,max,0,0,0,0,0,0,0,0,0,13
annotations,avg,0,0,0,0,0,0,0,0,0,325
annotations,min,0,0,0,0,0,0,0,0,0,325
annotations,max,0,0,0,0,0,0,0,0,0,325
main,avg,0,0,0,0,0,0,0,0,0,1071
main,min,0,0,0,0,0,0,0,0,0,1071
main,max,0,0,0,0,0,0,0,0,0,1071
m2xideintegration,avg,0,0,0,0,0,0,0,0,0,19
m2xideintegration,min,0,0,0,0,0,0,0,0,0,19
m2xideintegration,max,0,0,0,0,0,0,0,0,0,19
platforms,avg,0,0,0,0,0,0,0,0,0,84
platforms,min,0,0,0,0,0,0,0,0,0,84
platforms,max,0,0,0,0,0,0,0,0,0,84
importing,avg,0,0,0,0,0,0,0,0,0,7
importing,min,0,0,0,0,0,0,0,0,0,7
importing,max,0,0,0,0,0,0,0,0,0,7
admin,avg,0,0,0,0,0,0,0,0,0,85
admin,min,0,0,0,0,0,0,0,0,0,85
admin,max,0,0,0,0,0,0,0,0,0,85
ucum,avg,0,0,0,0,0,0,0,0,0,4
ucum,min,0,0,0,0,0,0,0,0,0,4
ucum,max,0,0,0,0,0,0,0,0,0,4
databinding,avg,0,0,0,0,0,0,0,0,0,25
databinding,min,0,0,0,0,0,0,0,0,0,25
databinding,max,0,0,0,0,0,0,0,0,0,25
releng,avg,0,0,0,0,0,0,0,0,0,211
releng,min,0,0,0,0,0,0,0,0,0,211
releng,max,0,0,0,0,0,0,0,0,0,211
weaving,avg,0,0,0,0,0,0,0,0,0,38
weaving,min,0,0,0,0,0,0,0,0,0,38
weaving,max,0,0,0,0,0,0,0,0,0,38
yearlyrelease,avg,0,0,0,0,0,0,0,0,0,114
yearlyrelease,min,0,0,0,0,0,0,0,0,0,114
yearlyrelease,max,0,0,0,0,0,0,0,0,0,114
compendium,avg,0,0,0,0,0,0,0,0,0,771
compendium,min,0,0,0,0,0,0,0,0,0,771
compendium,max,0,0,0,0,0,0,0,0,0,771
www,avg,0,0,0,0,0,0,0,0,0,22
www,min,0,0,0,0,0,0,0,0,0,22
www,max,0,0,0,0,0,0,0,0,0,22
websocket,avg,0,0,0,0,0,0,0,0,0,257
websocket,min,0,0,0,0,0,0,0,0,0,257
websocket,max,0,0,0,0,0,0,0,0,0,257
pdesupport,avg,0,0,0,0,0,0,0,0,0,377
pdesupport,min,0,0,0,0,0,0,0,0,0,377
pdesupport,max,0,0,0,0,0,0,0,0,0,377
package,avg,0,0,0,0,0,0,0,0,0,12
package,min,0,0,0,0,0,0,0,0,0,12
package,max,0,0,0,0,0,0,0,0,0,12
communication,avg,0,0,0,0,0,0,0,0,0,62
communication,min,0,0,0,0,0,0,0,0,0,62
communication,max,0,0,0,0,0,0,0,0,0,62
problemsview,avg,0,0,0,0,0,0,0,0,0,133
problemsview,min,0,0,0,0,0,0,0,0,0,133
problemsview,max,0,0,0,0,0,0,0,0,0,133
side,avg,0,0,0,0,0,0,0,0,0,113
side,min,0,0,0,0,0,0,0,0,0,113
side,max,0,0,0,0,0,0,0,0,0,113
informationmodeling,avg,0,0,0,0,0,0,0,0,0,17
informationmodeling,min,0,0,0,0,0,0,0,0,0,17
informationmodeling,max,0,0,0,0,0,0,0,0,0,17
tool,avg,0,0,0,0,0,0,0,0,0,860
tool,min,0,0,0,0,0,0,0,0,0,860
tool,max,0,0,0,0,0,0,0,0,0,860
debugsdm,avg,0,0,0,0,0,0,0,0,0,64
debugsdm,min,0,0,0,0,0,0,0,0,0,64
debugsdm,max,0,0,0,0,0,0,0,0,0,64
net4j,avg,0,0,0,0,0,0,0,0,0,285
net4j,min,0,0,0,0,0,0,0,0,0,285
net4j,max,0,0,0,0,0,0,0,0,0,285
license,avg,0,0,0,0,0,0,0,0,0,8
license,min,0,0,0,0,0,0,0,0,0,8
license,max,0,0,0,0,0,0,0,0,0,8
otmvn,avg,0,0,0,0,0,0,0,0,0,4
otmvn,min,0,0,0,0,0,0,0,0,0,4
otmvn,max,0,0,0,0,0,0,0,0,0,4
templates,avg,0,0,0,0,0,0,0,0,0,87
templates,min,0,0,0,0,0,0,0,0,0,87
templates,max,0,0,0,0,0,0,0,0,0,87
pipelets,avg,0,0,0,0,0,0,0,0,0,9
pipelets,min,0,0,0,0,0,0,0,0,0,9
pipelets,max,0,0,0,0,0,0,0,0,0,9
dse,avg,0,0,0,0,0,0,0,0,0,128
dse,min,0,0,0,0,0,0,0,0,0,128
dse,max,0,0,0,0,0,0,0,0,0,128
clientui,avg,0,0,0,0,0,0,0,0,0,111
clientui,min,0,0,0,0,0,0,0,0,0,111
clientui,max,0,0,0,0,0,0,0,0,0,111
standalone,avg,0,0,0,0,0,0,0,0,0,26
standalone,min,0,0,0,0,0,0,0,0,0,26
standalone,max,0,0,0,0,0,0,0,0,0,26
amf,avg,0,0,0,0,0,0,0,0,0,57
amf,min,0,0,0,0,0,0,0,0,0,57
amf,max,0,0,0,0,0,0,0,0,0,57
eupdate,avg,0,0,0,0,0,0,0,0,0,27
eupdate,min,0,0,0,0,0,0,0,0,0,27
eupdate,max,0,0,0,0,0,0,0,0,0,27
dsl,avg,0,0,0,0,0,0,0,0,0,34
dsl,min,0,0,0,0,0,0,0,0,0,34
dsl,max,0,0,0,0,0,0,0,0,0,34
integrations,avg,0,0,0,0,0,0,0,0,0,85
integrations,min,0,0,0,0,0,0,0,0,0,85
integrations,max,0,0,0,0,0,0,0,0,0,85
build,avg,0,0,0,0,0,0,0,0,0,82
build,min,0,0,0,0,0,0,0,0,0,82
build,max,0,0,0,0,0,0,0,0,0,82
cdatetime,avg,0,0,0,0,0,0,0,0,0,130
cdatetime,min,0,0,0,0,0,0,0,0,0,130
cdatetime,max,0,0,0,0,0,0,0,0,0,130
errors,avg,0,0,0,0,0,0,0,0,0,54
errors,min,0,0,0,0,0,0,0,0,0,54
errors,max,0,0,0,0,0,0,0,0,0,54
service,avg,0,0,0,0,0,0,0,0,0,21
service,min,0,0,0,0,0,0,0,0,0,21
service,max,0,0,0,0,0,0,0,0,0,21
lookandfeel,avg,0,0,0,0,0,0,0,0,0,72
lookandfeel,min,0,0,0,0,0,0,0,0,0,72
lookandfeel,max,0,0,0,0,0,0,0,0,0,72
aml,avg,0,0,0,0,0,0,0,0,0,2
aml,min,0,0,0,0,0,0,0,0,0,2
aml,max,0,0,0,0,0,0,0,0,0,2
ideintegration,avg,0,0,0,0,0,0,0,0,0,21
ideintegration,min,0,0,0,0,0,0,0,0,0,21
ideintegration,max,0,0,0,0,0,0,0,0,0,21
p2,avg,0,0,0,0,0,0,0,0,0,5320
p2,min,0,0,0,0,0,0,0,0,0,5320
p2,max,0,0,0,0,0,0,0,0,0,5320
remoterepositories,avg,0,0,0,0,0,0,0,0,0,11
remoterepositories,min,0,0,0,0,0,0,0,0,0,11
remoterepositories,max,0,0,0,0,0,0,0,0,0,11
storage,avg,0,0,0,0,0,0,0,0,0,34
storage,min,0,0,0,0,0,0,0,0,0,34
storage,max,0,0,0,0,0,0,0,0,0,34
units,avg,0,0,0,0,0,0,0,0,0,35
units,min,0,0,0,0,0,0,0,0,0,35
units,max,0,0,0,0,0,0,0,0,0,35
demo,avg,0,0,0,0,0,0,0,0,0,292
demo,min,0,0,0,0,0,0,0,0,0,292
demo,max,0,0,0,0,0,0,0,0,0,292
scripting,avg,0,0,0,0,0,0,0,0,0,146
scripting,min,0,0,0,0,0,0,0,0,0,146
scripting,max,0,0,0,0,0,0,0,0,0,146
extra,avg,0,0,0,0,0,0,0,0,0,20
extra,min,0,0,0,0,0,0,0,0,0,20
extra,max,0,0,0,0,0,0,0,0,0,20
design,avg,0,0,0,0,0,0,0,0,0,53
design,min,0,0,0,0,0,0,0,0,0,53
design,max,0,0,0,0,0,0,0,0,0,53
define,avg,0,0,0,0,0,0,0,0,0,136
define,min,0,0,0,0,0,0,0,0,0,136
define,max,0,0,0,0,0,0,0,0,0,136
blam,avg,0,0,0,0,0,0,0,0,0,3
blam,min,0,0,0,0,0,0,0,0,0,3
blam,max,0,0,0,0,0,0,0,0,0,3
lang,avg,0,0,0,0,0,0,0,0,0,54
lang,min,0,0,0,0,0,0,0,0,0,54
lang,max,0,0,0,0,0,0,0,0,0,54
docs,avg,0,0,0,0,0,0,0,0,0,28
docs,min,0,0,0,0,0,0,0,0,0,28
docs,max,0,0,0,0,0,0,0,0,0,28
ant,avg,0,0,0,0,0,0,0,0,0,3944
ant,min,0,0,0,0,0,0,0,0,0,3944
ant,max,0,0,0,0,0,0,0,0,0,3944
ajdoc,avg,0,0,0,0,0,0,0,0,0,67
ajdoc,min,0,0,0,0,0,0,0,0,0,67
ajdoc,max,0,0,0,0,0,0,0,0,0,67
sandbox,avg,0,0,0,0,0,0,0,0,0,7
sandbox,min,0,0,0,0,0,0,0,0,0,7
sandbox,max,0,0,0,0,0,0,0,0,0,7
xml/xmi,avg,0,0,0,0,0,0,0,0,0,466
xml/xmi,min,0,0,0,0,0,0,0,0,0,466
xml/xmi,max,0,0,0,0,0,0,0,0,0,466
geomap,avg,0,0,0,0,0,0,0,0,0,16
geomap,min,0,0,0,0,0,0,0,0,0,16
geomap,max,0,0,0,0,0,0,0,0,0,16
ruby,avg,0,0,0,0,0,0,0,0,0,339
ruby,min,0,0,0,0,0,0,0,0,0,339
ruby,max,0,0,0,0,0,0,0,0,0,339
releng,avg,0,0,0,0,0,0,0,0,0,6840
releng,min,0,0,0,0,0,0,0,0,0,6840
releng,max,0,0,0,0,0,0,0,0,0,6840
buckminster,avg,0,0,0,0,0,0,0,0,0,5
buckminster,min,0,0,0,0,0,0,0,0,0,5
buckminster,max,0,0,0,0,0,0,0,0,0,5
etfw,avg,0,0,0,0,0,0,0,0,0,42
etfw,min,0,0,0,0,0,0,0,0,0,42
etfw,max,0,0,0,0,0,0,0,0,0,42
osgi,avg,0,0,0,0,0,0,0,0,0,104
osgi,min,0,0,0,0,0,0,0,0,0,104
osgi,max,0,0,0,0,0,0,0,0,0,104
gefgeometry,avg,0,0,0,0,0,0,0,0,0,30
gefgeometry,min,0,0,0,0,0,0,0,0,0,30
gefgeometry,max,0,0,0,0,0,0,0,0,0,30
webportal,avg,0,0,0,0,0,0,0,0,0,165
webportal,min,0,0,0,0,0,0,0,0,0,165
webportal,max,0,0,0,0,0,0,0,0,0,165
ldp,avg,0,0,0,0,0,0,0,0,0,131
ldp,min,0,0,0,0,0,0,0,0,0,131
ldp,max,0,0,0,0,0,0,0,0,0,131
updatesite,avg,0,0,0,0,0,0,0,0,0,189
updatesite,min,0,0,0,0,0,0,0,0,0,189
updatesite,max,0,0,0,0,0,0,0,0,0,189
forms,avg,0,0,0,0,0,0,0,0,0,24
forms,min,0,0,0,0,0,0,0,0,0,24
forms,max,0,0,0,0,0,0,0,0,0,24
properties,avg,0,0,0,0,0,0,0,0,0,121
properties,min,0,0,0,0,0,0,0,0,0,121
properties,max,0,0,0,0,0,0,0,0,0,121
gef3d,avg,0,0,0,0,0,0,0,0,0,10
gef3d,min,0,0,0,0,0,0,0,0,0,10
gef3d,max,0,0,0,0,0,0,0,0,0,10
pmc,avg,0,0,0,0,0,0,0,0,0,45
pmc,min,0,0,0,0,0,0,0,0,0,45
pmc,max,0,0,0,0,0,0,0,0,0,45
protocols,avg,0,0,0,0,0,0,0,0,0,72
protocols,min,0,0,0,0,0,0,0,0,0,72
protocols,max,0,0,0,0,0,0,0,0,0,72
package,avg,0,0,0,0,0,0,0,0,0,51
package,min,0,0,0,0,0,0,0,0,0,51
package,max,0,0,0,0,0,0,0,0,0,51
objy,avg,0,0,0,0,0,0,0,0,0,33
objy,min,0,0,0,0,0,0,0,0,0,33
objy,max,0,0,0,0,0,0,0,0,0,33
dynamicpackagedelivery,avg,0,0,0,0,0,0,0,0,0,50
dynamicpackagedelivery,min,0,0,0,0,0,0,0,0,0,50
dynamicpackagedelivery,max,0,0,0,0,0,0,0,0,0,50
evolution,avg,0,0,0,0,0,0,0,0,0,15
evolution,min,0,0,0,0,0,0,0,0,0,15
evolution,max,0,0,0,0,0,0,0,0,0,15
qa,avg,0,0,0,0,0,0,0,0,0,4
qa,min,0,0,0,0,0,0,0,0,0,4
qa,max,0,0,0,0,0,0,0,0,0,4
gefmvc,avg,0,0,0,0,0,0,0,0,0,296
gefmvc,min,0,0,0,0,0,0,0,0,0,296
gefmvc,max,0,0,0,0,0,0,0,0,0,296
pbs,avg,0,0,0,0,0,0,0,0,0,34
pbs,min,0,0,0,0,0,0,0,0,0,34
pbs,max,0,0,0,0,0,0,0,0,0,34
contribution,avg,0,0,0,0,0,0,0,0,0,113
contribution,min,0,0,0,0,0,0,0,0,0,113
contribution,max,0,0,0,0,0,0,0,0,0,113
java,avg,0,0,0,0,0,0,0,0,0,448
java,min,0,0,0,0,0,0,0,0,0,448
java,max,0,0,0,0,0,0,0,0,0,448
docs,avg,0,0,0,0,0,0,0,0,0,287
docs,min,0,0,0,0,0,0,0,0,0,287
docs,max,0,0,0,0,0,0,0,0,0,287
ctf,avg,0,0,0,0,0,0,0,0,0,31
ctf,min,0,0,0,0,0,0,0,0,0,31
ctf,max,0,0,0,0,0,0,0,0,0,31
engines,avg,0,0,0,0,0,0,0,0,0,73
engines,min,0,0,0,0,0,0,0,0,0,73
engines,max,0,0,0,0,0,0,0,0,0,73
utils,avg,0,0,0,0,0,0,0,0,0,77
utils,min,0,0,0,0,0,0,0,0,0,77
utils,max,0,0,0,0,0,0,0,0,0,77
hibernate,avg,0,0,0,0,0,0,0,0,0,139
hibernate,min,0,0,0,0,0,0,0,0,0,139
hibernate,max,0,0,0,0,0,0,0,0,0,139
commitsexplorer(retired),avg,0,0,0,0,0,0,0,0,0,158
commitsexplorer(retired),min,0,0,0,0,0,0,0,0,0,158
commitsexplorer(retired),max,0,0,0,0,0,0,0,0,0,158
releng,avg,0,0,0,0,0,0,0,0,0,152
releng,min,0,0,0,0,0,0,0,0,0,152
releng,max,0,0,0,0,0,0,0,0,0,152
pshelf,avg,0,0,0,0,0,0,0,0,0,12
pshelf,min,0,0,0,0,0,0,0,0,0,12
pshelf,max,0,0,0,0,0,0,0,0,0,12
package,avg,0,0,0,0,0,0,0,0,0,37
package,min,0,0,0,0,0,0,0,0,0,37
package,max,0,0,0,0,0,0,0,0,0,37
projectconfiguration,avg,0,0,0,0,0,0,0,0,0,63
projectconfiguration,min,0,0,0,0,0,0,0,0,0,63
projectconfiguration,max,0,0,0,0,0,0,0,0,0,63
geminiintegration,avg,0,0,0,0,0,0,0,0,0,1
geminiintegration,min,0,0,0,0,0,0,0,0,0,1
geminiintegration,max,0,0,0,0,0,0,0,0,0,1
models,avg,0,0,0,0,0,0,0,0,0,13
models,min,0,0,0,0,0,0,0,0,0,13
models,max,0,0,0,0,0,0,0,0,0,13
github,avg,0,0,0,0,0,0,0,0,0,50
github,min,0,0,0,0,0,0,0,0,0,50
github,max,0,0,0,0,0,0,0,0,0,50
ins,avg,0,0,0,0,0,0,0,0,0,123
ins,min,0,0,0,0,0,0,0,0,0,123
ins,max,0,0,0,0,0,0,0,0,0,123
reportengine,avg,0,0,0,0,0,0,0,0,0,3001
reportengine,min,0,0,0,0,0,0,0,0,0,3001
reportengine,max,0,0,0,0,0,0,0,0,0,3001
cdi,avg,0,0,0,0,0,0,0,0,0,288
cdi,min,0,0,0,0,0,0,0,0,0,288
cdi,max,0,0,0,0,0,0,0,0,0,288
apt,avg,0,0,0,0,0,0,0,0,0,549
apt,min,0,0,0,0,0,0,0,0,0,549
apt,max,0,0,0,0,0,0,0,0,0,549
emftvm,avg,0,0,0,0,0,0,0,0,0,94
emftvm,min,0,0,0,0,0,0,0,0,0,94
emftvm,max,0,0,0,0,0,0,0,0,0,94
edit,avg,0,0,0,0,0,0,0,0,0,659
edit,min,0,0,0,0,0,0,0,0,0,659
edit,max,0,0,0,0,0,0,0,0,0,659
buildhelp,avg,0,0,0,0,0,0,0,0,0,70
buildhelp,min,0,0,0,0,0,0,0,0,0,70
buildhelp,max,0,0,0,0,0,0,0,0,0,70
interpreter,avg,0,0,0,0,0,0,0,0,0,24
interpreter,min,0,0,0,0,0,0,0,0,0,24
interpreter,max,0,0,0,0,0,0,0,0,0,24
javascript,avg,0,0,0,0,0,0,0,0,0,69
javascript,min,0,0,0,0,0,0,0,0,0,69
javascript,max,0,0,0,0,0,0,0,0,0,69
ganttchart,avg,0,0,0,0,0,0,0,0,0,79
ganttchart,min,0,0,0,0,0,0,0,0,0,79
ganttchart,max,0,0,0,0,0,0,0,0,0,79
legacygef(mvc),avg,0,0,0,0,0,0,0,0,0,2263
legacygef(mvc),min,0,0,0,0,0,0,0,0,0,2263
legacygef(mvc),max,0,0,0,0,0,0,0,0,0,2263
livedoc,avg,0,0,0,0,0,0,0,0,0,107
livedoc,min,0,0,0,0,0,0,0,0,0,107
livedoc,max,0,0,0,0,0,0,0,0,0,107
node,avg,0,0,0,0,0,0,0,0,0,133
node,min,0,0,0,0,0,0,0,0,0,133
node,max,0,0,0,0,0,0,0,0,0,133
legacyzest,avg,0,0,0,0,0,0,0,0,0,209
legacyzest,min,0,0,0,0,0,0,0,0,0,209
legacyzest,max,0,0,0,0,0,0,0,0,0,209
rc,avg,0,0,0,0,0,0,0,0,0,1533
rc,min,0,0,0,0,0,0,0,0,0,1533
rc,max,0,0,0,0,0,0,0,0,0,1533
installer,avg,0,0,0,0,0,0,0,0,0,202
installer,min,0,0,0,0,0,0,0,0,0,202
installer,max,0,0,0,0,0,0,0,0,0,202
glazedlistsextension,avg,0,0,0,0,0,0,0,0,0,33
glazedlistsextension,min,0,0,0,0,0,0,0,0,0,33
glazedlistsextension,max,0,0,0,0,0,0,0,0,0,33
devicekit,avg,0,0,0,0,0,0,0,0,0,28
devicekit,min,0,0,0,0,0,0,0,0,0,28
devicekit,max,0,0,0,0,0,0,0,0,0,28
datasource,avg,0,0,0,0,0,0,0,0,0,7
datasource,min,0,0,0,0,0,0,0,0,0,7
datasource,max,0,0,0,0,0,0,0,0,0,7
stw,avg,0,0,0,0,0,0,0,0,0,2
stw,min,0,0,0,0,0,0,0,0,0,2
stw,max,0,0,0,0,0,0,0,0,0,2
bundles,avg,0,0,0,0,0,0,0,0,0,610
bundles,min,0,0,0,0,0,0,0,0,0,610
bundles,max,0,0,0,0,0,0,0,0,0,610
swtbot,avg,0,0,0,0,0,0,0,0,0,657
swtbot,min,0,0,0,0,0,0,0,0,0,657
swtbot,max,0,0,0,0,0,0,0,0,0,657
emfvm,avg,0,0,0,0,0,0,0,0,0,81
emfvm,min,0,0,0,0,0,0,0,0,0,81
emfvm,max,0,0,0,0,0,0,0,0,0,81
gefcloudio,avg,0,0,0,0,0,0,0,0,0,9
gefcloudio,min,0,0,0,0,0,0,0,0,0,9
gefcloudio,max,0,0,0,0,0,0,0,0,0,9
generators,avg,0,0,0,0,0,0,0,0,0,236
generators,min,0,0,0,0,0,0,0,0,0,236
generators,max,0,0,0,0,0,0,0,0,0,236
processing,avg,0,0,0,0,0,0,0,0,0,47
processing,min,0,0,0,0,0,0,0,0,0,47
processing,max,0,0,0,0,0,0,0,0,0,47
rm,avg,0,0,0,0,0,0,0,0,0,345
rm,min,0,0,0,0,0,0,0,0,0,345
rm,max,0,0,0,0,0,0,0,0,0,345
components,avg,0,0,0,0,0,0,0,0,0,305
components,min,0,0,0,0,0,0,0,0,0,305
components,max,0,0,0,0,0,0,0,0,0,305
remoteservices,avg,0,0,0,0,0,0,0,0,0,253
remoteservices,min,0,0,0,0,0,0,0,0,0,253
remoteservices,max,0,0,0,0,0,0,0,0,0,253
1,avg,0,0,0,0,0,0,0,0,0,26
1,min,0,0,0,0,0,0,0,0,0,26
1,max,0,0,0,0,0,0,0,0,0,26
rse,avg,0,0,0,0,0,0,0,0,0,4
rse,min,0,0,0,0,0,0,0,0,0,4
rse,max,0,0,0,0,0,0,0,0,0,4
xplanner,avg,0,0,0,0,0,0,0,0,0,75
xplanner,min,0,0,0,0,0,0,0,0,0,75
xplanner,max,0,0,0,0,0,0,0,0,0,75
moka,avg,0,0,0,0,0,0,0,0,0,48
moka,min,0,0,0,0,0,0,0,0,0,48
moka,max,0,0,0,0,0,0,0,0,0,48
dependencyvisualizer,avg,0,0,0,0,0,0,0,0,0,8
dependencyvisualizer,min,0,0,0,0,0,0,0,0,0,8
dependencyvisualizer,max,0,0,0,0,0,0,0,0,0,8
servercore,avg,0,0,0,0,0,0,0,0,0,121
servercore,min,0,0,0,0,0,0,0,0,0,121
servercore,max,0,0,0,0,0,0,0,0,0,121
preferencesmanagement,avg,0,0,0,0,0,0,0,0,0,48
preferencesmanagement,min,0,0,0,0,0,0,0,0,0,48
preferencesmanagement,max,0,0,0,0,0,0,0,0,0,48
formattedtext,avg,0,0,0,0,0,0,0,0,0,43
formattedtext,min,0,0,0,0,0,0,0,0,0,43
formattedtext,max,0,0,0,0,0,0,0,0,0,43
javascripttools,avg,0,0,0,0,0,0,0,0,0,1
javascripttools,min,0,0,0,0,0,0,0,0,0,1
javascripttools,max,0,0,0,0,0,0,0,0,0,1
userinterface,avg,0,0,0,0,0,0,0,0,0,322
userinterface,min,0,0,0,0,0,0,0,0,0,322
userinterface,max,0,0,0,0,0,0,0,0,0,322
escape,avg,0,0,0,0,0,0,0,0,0,23
escape,min,0,0,0,0,0,0,0,0,0,23
escape,max,0,0,0,0,0,0,0,0,0,23
project,avg,0,0,0,0,0,0,0,0,0,55
project,min,0,0,0,0,0,0,0,0,0,55
project,max,0,0,0,0,0,0,0,0,0,55
db,avg,0,0,0,0,0,0,0,0,0,38
db,min,0,0,0,0,0,0,0,0,0,38
db,max,0,0,0,0,0,0,0,0,0,38
rta,avg,0,0,0,0,0,0,0,0,0,8
rta,min,0,0,0,0,0,0,0,0,0,8
rta,max,0,0,0,0,0,0,0,0,0,8
presence,avg,0,0,0,0,0,0,0,0,0,18
presence,min,0,0,0,0,0,0,0,0,0,18
presence,max,0,0,0,0,0,0,0,0,0,18
timeserieschart,avg,0,0,0,0,0,0,0,0,0,4
timeserieschart,min,0,0,0,0,0,0,0,0,0,4
timeserieschart,max,0,0,0,0,0,0,0,0,0,4
codegen,avg,0,0,0,0,0,0,0,0,0,2
codegen,min,0,0,0,0,0,0,0,0,0,2
codegen,max,0,0,0,0,0,0,0,0,0,2
gitflow,avg,0,0,0,0,0,0,0,0,0,25
gitflow,min,0,0,0,0,0,0,0,0,0,25
gitflow,max,0,0,0,0,0,0,0,0,0,25
cvs,avg,0,0,0,0,0,0,0,0,0,3983
cvs,min,0,0,0,0,0,0,0,0,0,3983
cvs,max,0,0,0,0,0,0,0,0,0,3983
marte,avg,0,0,0,0,0,0,0,0,0,7
marte,min,0,0,0,0,0,0,0,0,0,7
marte,max,0,0,0,0,0,0,0,0,0,7
languages,avg,0,0,0,0,0,0,0,0,0,41
languages,min,0,0,0,0,0,0,0,0,0,41
languages,max,0,0,0,0,0,0,0,0,0,41
core,avg,0,0,0,0,0,0,0,0,0,7210
core,min,0,0,0,0,0,0,0,0,0,7210
core,max,0,0,0,0,0,0,0,0,0,7210
svn,avg,0,0,0,0,0,0,0,0,0,14
svn,min,0,0,0,0,0,0,0,0,0,14
svn,max,0,0,0,0,0,0,0,0,0,14
launch,avg,0,0,0,0,0,0,0,0,0,72
launch,min,0,0,0,0,0,0,0,0,0,72
launch,max,0,0,0,0,0,0,0,0,0,72
team,avg,0,0,0,0,0,0,0,0,0,7220
team,min,0,0,0,0,0,0,0,0,0,7220
team,max,0,0,0,0,0,0,0,0,0,7220
services,avg,0,0,0,0,0,0,0,0,0,7
services,min,0,0,0,0,0,0,0,0,0,7
services,max,0,0,0,0,0,0,0,0,0,7
mtjprojects,avg,0,0,0,0,0,0,0,0,0,91
mtjprojects,min,0,0,0,0,0,0,0,0,0,91
mtjprojects,max,0,0,0,0,0,0,0,0,0,91
microxml,avg,0,0,0,0,0,0,0,0,0,32
microxml,min,0,0,0,0,0,0,0,0,0,32
microxml,max,0,0,0,0,0,0,0,0,0,32
java,avg,0,0,0,0,0,0,0,0,0,4
java,min,0,0,0,0,0,0,0,0,0,4
java,max,0,0,0,0,0,0,0,0,0,4
diagram,avg,0,0,0,0,0,0,0,0,0,2807
diagram,min,0,0,0,0,0,0,0,0,0,2807
diagram,max,0,0,0,0,0,0,0,0,0,2807
package,avg,0,0,0,0,0,0,0,0,0,69
package,min,0,0,0,0,0,0,0,0,0,69
package,max,0,0,0,0,0,0,0,0,0,69
plugin,avg,0,0,0,0,0,0,0,0,0,54
plugin,min,0,0,0,0,0,0,0,0,0,54
plugin,max,0,0,0,0,0,0,0,0,0,54
pdebuild,avg,0,0,0,0,0,0,0,0,0,2
pdebuild,min,0,0,0,0,0,0,0,0,0,2
pdebuild,max,0,0,0,0,0,0,0,0,0,2
scriptingsupport,avg,0,0,0,0,0,0,0,0,0,2
scriptingsupport,min,0,0,0,0,0,0,0,0,0,2
scriptingsupport,max,0,0,0,0,0,0,0,0,0,2
codeassist,avg,0,0,0,0,0,0,0,0,0,3072
codeassist,min,0,0,0,0,0,0,0,0,0,3072
codeassist,max,0,0,0,0,0,0,0,0,0,3072
jdt,avg,0,0,0,0,0,0,0,0,0,176
jdt,min,0,0,0,0,0,0,0,0,0,176
jdt,max,0,0,0,0,0,0,0,0,0,176
agfchart,avg,0,0,0,0,0,0,0,0,0,5
agfchart,min,0,0,0,0,0,0,0,0,0,5
agfchart,max,0,0,0,0,0,0,0,0,0,5
chart,avg,0,0,0,0,0,0,0,0,0,1921
chart,min,0,0,0,0,0,0,0,0,0,1921
chart,max,0,0,0,0,0,0,0,0,0,1921
paperclips,avg,0,0,0,0,0,0,0,0,0,2
paperclips,min,0,0,0,0,0,0,0,0,0,2
paperclips,max,0,0,0,0,0,0,0,0,0,2
loadleveler,avg,0,0,0,0,0,0,0,0,0,10
loadleveler,min,0,0,0,0,0,0,0,0,0,10
loadleveler,max,0,0,0,0,0,0,0,0,0,10
agent,avg,0,0,0,0,0,0,0,0,0,1062
agent,min,0,0,0,0,0,0,0,0,0,1062
agent,max,0,0,0,0,0,0,0,0,0,1062
tooling,avg,0,0,0,0,0,0,0,0,0,17
tooling,min,0,0,0,0,0,0,0,0,0,17
tooling,max,0,0,0,0,0,0,0,0,0,17
dataaccess,avg,0,0,0,0,0,0,0,0,0,279
dataaccess,min,0,0,0,0,0,0,0,0,0,279
dataaccess,max,0,0,0,0,0,0,0,0,0,279
ctabletree,avg,0,0,0,0,0,0,0,0,0,17
ctabletree,min,0,0,0,0,0,0,0,0,0,17
ctabletree,max,0,0,0,0,0,0,0,0,0,17
javageneration,avg,0,0,0,0,0,0,0,0,0,10
javageneration,min,0,0,0,0,0,0,0,0,0,10
javageneration,max,0,0,0,0,0,0,0,0,0,10
navigator,avg,0,0,0,0,0,0,0,0,0,77
navigator,min,0,0,0,0,0,0,0,0,0,77
navigator,max,0,0,0,0,0,0,0,0,0,77
unknown,avg,0,0,0,0,0,0,0,0,0,108
unknown,min,0,0,0,0,0,0,0,0,0,108
unknown,max,0,0,0,0,0,0,0,0,0,108
ua,avg,0,0,0,0,0,0,0,0,0,103
ua,min,0,0,0,0,0,0,0,0,0,103
ua,max,0,0,0,0,0,0,0,0,0,103
graphiti,avg,0,0,0,0,0,0,0,0,0,2
graphiti,min,0,0,0,0,0,0,0,0,0,2
graphiti,max,0,0,0,0,0,0,0,0,0,2
phpmanual,avg,0,0,0,0,0,0,0,0,0,82
phpmanual,min,0,0,0,0,0,0,0,0,0,82
phpmanual,max,0,0,0,0,0,0,0,0,0,82
swt,avg,0,0,0,0,0,0,0,0,0,13914
swt,min,0,0,0,0,0,0,0,0,0,13914
swt,max,0,0,0,0,0,0,0,0,0,13914
ui,avg,0,0,0,0,0,0,0,0,0,69266
ui,min,0,0,0,0,0,0,0,0,0,69266
ui,max,0,0,0,0,0,0,0,0,0,69266
test,avg,0,0,0,0,0,0,0,0,0,66
test,min,0,0,0,0,0,0,0,0,0,66
test,max,0,0,0,0,0,0,0,0,0,66
jet,avg,0,0,0,0,0,0,0,0,0,288
jet,min,0,0,0,0,0,0,0,0,0,288
jet,max,0,0,0,0,0,0,0,0,0,288
flow,avg,0,0,0,0,0,0,0,0,0,10
flow,min,0,0,0,0,0,0,0,0,0,10
flow,max,0,0,0,0,0,0,0,0,0,10
package,avg,0,0,0,0,0,0,0,0,0,14
package,min,0,0,0,0,0,0,0,0,0,14
package,max,0,0,0,0,0,0,0,0,0,14
tycho,avg,0,0,0,0,0,0,0,0,0,11
tycho,min,0,0,0,0,0,0,0,0,0,11
tycho,max,0,0,0,0,0,0,0,0,0,11
documentation,avg,0,0,0,0,0,0,0,0,0,25
documentation,min,0,0,0,0,0,0,0,0,0,25
documentation,max,0,0,0,0,0,0,0,0,0,25
phpexplorer&amp;projectsmanagement,avg,0,0,0,0,0,0,0,0,0,1129
phpexplorer&amp;projectsmanagement,min,0,0,0,0,0,0,0,0,0,1129
phpexplorer&amp;projectsmanagement,max,0,0,0,0,0,0,0,0,0,1129
jbpm5targetruntime,avg,0,0,0,0,0,0,0,0,0,139
jbpm5targetruntime,min,0,0,0,0,0,0,0,0,0,139
jbpm5targetruntime,max,0,0,0,0,0,0,0,0,0,139
treemapper,avg,0,0,0,0,0,0,0,0,0,8
treemapper,min,0,0,0,0,0,0,0,0,0,8
treemapper,max,0,0,0,0,0,0,0,0,0,8
query,avg,0,0,0,0,0,0,0,0,0,1026
query,min,0,0,0,0,0,0,0,0,0,1026
query,max,0,0,0,0,0,0,0,0,0,1026
edc,avg,0,0,0,0,0,0,0,0,0,157
edc,min,0,0,0,0,0,0,0,0,0,157
edc,max,0,0,0,0,0,0,0,0,0,157
mozilla,avg,0,0,0,0,0,0,0,0,0,269
mozilla,min,0,0,0,0,0,0,0,0,0,269
mozilla,max,0,0,0,0,0,0,0,0,0,269
ide,avg,0,0,0,0,0,0,0,0,0,4033
ide,min,0,0,0,0,0,0,0,0,0,4033
ide,max,0,0,0,0,0,0,0,0,0,4033
modules,avg,0,0,0,0,0,0,0,0,0,327
modules,min,0,0,0,0,0,0,0,0,0,327
modules,max,0,0,0,0,0,0,0,0,0,327
branches,avg,0,0,0,0,0,0,0,0,0,17
branches,min,0,0,0,0,0,0,0,0,0,17
branches,max,0,0,0,0,0,0,0,0,0,17
providers,avg,0,0,0,0,0,0,0,0,0,500
providers,min,0,0,0,0,0,0,0,0,0,500
providers,max,0,0,0,0,0,0,0,0,0,500
technologies,avg,0,0,0,0,0,0,0,0,0,228
technologies,min,0,0,0,0,0,0,0,0,0,228
technologies,max,0,0,0,0,0,0,0,0,0,228
discovery,avg,0,0,0,0,0,0,0,0,0,114
discovery,min,0,0,0,0,0,0,0,0,0,114
discovery,max,0,0,0,0,0,0,0,0,0,114
transformations,avg,0,0,0,0,0,0,0,0,0,53
transformations,min,0,0,0,0,0,0,0,0,0,53
transformations,max,0,0,0,0,0,0,0,0,0,53
autotools,avg,0,0,0,0,0,0,0,0,0,207
autotools,min,0,0,0,0,0,0,0,0,0,207
autotools,max,0,0,0,0,0,0,0,0,0,207
doc,avg,0,0,0,0,0,0,0,0,0,277
doc,min,0,0,0,0,0,0,0,0,0,277
doc,max,0,0,0,0,0,0,0,0,0,277
automatederrorreportingclient(aeri),avg,0,0,0,0,0,0,0,0,0,968
automatederrorreportingclient(aeri),min,0,0,0,0,0,0,0,0,0,968
automatederrorreportingclient(aeri),max,0,0,0,0,0,0,0,0,0,968
arduino,avg,0,0,0,0,0,0,0,0,0,187
arduino,min,0,0,0,0,0,0,0,0,0,187
arduino,max,0,0,0,0,0,0,0,0,0,187
debug,avg,0,0,0,0,0,0,0,0,0,45
debug,min,0,0,0,0,0,0,0,0,0,45
debug,max,0,0,0,0,0,0,0,0,0,45
memory,avg,0,0,0,0,0,0,0,0,0,297
memory,min,0,0,0,0,0,0,0,0,0,297
memory,max,0,0,0,0,0,0,0,0,0,297
pulsar,avg,0,0,0,0,0,0,0,0,0,11
pulsar,min,0,0,0,0,0,0,0,0,0,11
pulsar,max,0,0,0,0,0,0,0,0,0,11
package,avg,0,0,0,0,0,0,0,0,0,56
package,min,0,0,0,0,0,0,0,0,0,56
package,max,0,0,0,0,0,0,0,0,0,56
webclient,avg,0,0,0,0,0,0,0,0,0,2
webclient,min,0,0,0,0,0,0,0,0,0,2
webclient,max,0,0,0,0,0,0,0,0,0,2
cbip2repositoryaggregator,avg,0,0,0,0,0,0,0,0,0,583
cbip2repositoryaggregator,min,0,0,0,0,0,0,0,0,0,583
cbip2repositoryaggregator,max,0,0,0,0,0,0,0,0,0,583
android,avg,0,0,0,0,0,0,0,0,0,26
android,min,0,0,0,0,0,0,0,0,0,26
android,max,0,0,0,0,0,0,0,0,0,26
admin,avg,0,0,0,0,0,0,0,0,0,8
admin,min,0,0,0,0,0,0,0,0,0,8
admin,max,0,0,0,0,0,0,0,0,0,8
privacy,avg,0,0,0,0,0,0,0,0,0,79
privacy,min,0,0,0,0,0,0,0,0,0,79
privacy,max,0,0,0,0,0,0,0,0,0,79
ui,avg,0,0,0,0,0,0,0,0,0,6
ui,min,0,0,0,0,0,0,0,0,0,6
ui,max,0,0,0,0,0,0,0,0,0,6
orion,avg,0,0,0,0,0,0,0,0,0,19
orion,min,0,0,0,0,0,0,0,0,0,19
orion,max,0,0,0,0,0,0,0,0,0,19
apitools,avg,0,0,0,0,0,0,0,0,0,1332
apitools,min,0,0,0,0,0,0,0,0,0,1332
apitools,max,0,0,0,0,0,0,0,0,0,1332
rwt,avg,0,0,0,0,0,0,0,0,0,5164
rwt,min,0,0,0,0,0,0,0,0,0,5164
rwt,max,0,0,0,0,0,0,0,0,0,5164
we,avg,0,0,0,0,0,0,0,0,0,469
we,min,0,0,0,0,0,0,0,0,0,469
we,max,0,0,0,0,0,0,0,0,0,469
docker,avg,0,0,0,0,0,0,0,0,0,17
docker,min,0,0,0,0,0,0,0,0,0,17
docker,max,0,0,0,0,0,0,0,0,0,17
updater,avg,0,0,0,0,0,0,0,0,0,154
updater,min,0,0,0,0,0,0,0,0,0,154
updater,max,0,0,0,0,0,0,0,0,0,154
package,avg,0,0,0,0,0,0,0,0,0,3
package,min,0,0,0,0,0,0,0,0,0,3
package,max,0,0,0,0,0,0,0,0,0,3
nexusplugins,avg,0,0,0,0,0,0,0,0,0,43
nexusplugins,min,0,0,0,0,0,0,0,0,0,43
nexusplugins,max,0,0,0,0,0,0,0,0,0,43
model,avg,0,0,0,0,0,0,0,0,0,34
model,min,0,0,0,0,0,0,0,0,0,34
model,max,0,0,0,0,0,0,0,0,0,34
compositetable,avg,0,0,0,0,0,0,0,0,0,98
compositetable,min,0,0,0,0,0,0,0,0,0,98
compositetable,max,0,0,0,0,0,0,0,0,0,98
common,avg,0,0,0,0,0,0,0,0,0,1567
common,min,0,0,0,0,0,0,0,0,0,1567
common,max,0,0,0,0,0,0,0,0,0,1567
local,avg,0,0,0,0,0,0,0,0,0,8
local,min,0,0,0,0,0,0,0,0,0,8
local,max,0,0,0,0,0,0,0,0,0,8
osgifacet,avg,0,0,0,0,0,0,0,0,0,13
osgifacet,min,0,0,0,0,0,0,0,0,0,13
osgifacet,max,0,0,0,0,0,0,0,0,0,13
ejface,avg,0,0,0,0,0,0,0,0,0,11
ejface,min,0,0,0,0,0,0,0,0,0,11
ejface,max,0,0,0,0,0,0,0,0,0,11
perf,avg,0,0,0,0,0,0,0,0,0,2
perf,min,0,0,0,0,0,0,0,0,0,2
perf,max,0,0,0,0,0,0,0,0,0,2
xcore,avg,0,0,0,0,0,0,0,0,0,574
xcore,min,0,0,0,0,0,0,0,0,0,574
xcore,max,0,0,0,0,0,0,0,0,0,574
applicationdevelopment,avg,0,0,0,0,0,0,0,0,0,9
applicationdevelopment,min,0,0,0,0,0,0,0,0,0,9
applicationdevelopment,max,0,0,0,0,0,0,0,0,0,9
server,avg,0,0,0,0,0,0,0,0,0,15
server,min,0,0,0,0,0,0,0,0,0,15
server,max,0,0,0,0,0,0,0,0,0,15
package,avg,0,0,0,0,0,0,0,0,0,58
package,min,0,0,0,0,0,0,0,0,0,58
package,max,0,0,0,0,0,0,0,0,0,58
wam,avg,0,0,0,0,0,0,0,0,0,1
wam,min,0,0,0,0,0,0,0,0,0,1
wam,max,0,0,0,0,0,0,0,0,0,1
disease,avg,0,0,0,0,0,0,0,0,0,4
disease,min,0,0,0,0,0,0,0,0,0,4
disease,max,0,0,0,0,0,0,0,0,0,4
scoutdocs,avg,0,0,0,0,0,0,0,0,0,28
scoutdocs,min,0,0,0,0,0,0,0,0,0,28
scoutdocs,max,0,0,0,0,0,0,0,0,0,28
start,avg,0,0,0,0,0,0,0,0,0,71
start,min,0,0,0,0,0,0,0,0,0,71
start,max,0,0,0,0,0,0,0,0,0,71
openmpi,avg,0,0,0,0,0,0,0,0,0,4
openmpi,min,0,0,0,0,0,0,0,0,0,4
openmpi,max,0,0,0,0,0,0,0,0,0,4
windows,avg,0,0,0,0,0,0,0,0,0,5
windows,min,0,0,0,0,0,0,0,0,0,5
windows,max,0,0,0,0,0,0,0,0,0,5
target,avg,0,0,0,0,0,0,0,0,0,291
target,min,0,0,0,0,0,0,0,0,0,291
target,max,0,0,0,0,0,0,0,0,0,291
headless,avg,0,0,0,0,0,0,0,0,0,32
headless,min,0,0,0,0,0,0,0,0,0,32
headless,max,0,0,0,0,0,0,0,0,0,32
ui,avg,0,0,0,0,0,0,0,0,0,95
ui,min,0,0,0,0,0,0,0,0,0,95
ui,max,0,0,0,0,0,0,0,0,0,95
xtextbacklog,avg,0,0,0,0,0,0,0,0,0,174
xtextbacklog,min,0,0,0,0,0,0,0,0,0,174
xtextbacklog,max,0,0,0,0,0,0,0,0,0,174
zest,avg,0,0,0,0,0,0,0,0,0,311
zest,min,0,0,0,0,0,0,0,0,0,311
zest,max,0,0,0,0,0,0,0,0,0,311
compare&amp;mergeideintegration,avg,0,0,0,0,0,0,0,0,0,8
compare&amp;mergeideintegration,min,0,0,0,0,0,0,0,0,0,8
compare&amp;mergeideintegration,max,0,0,0,0,0,0,0,0,0,8
infrastructure,avg,0,0,0,0,0,0,0,0,0,761
infrastructure,min,0,0,0,0,0,0,0,0,0,761
infrastructure,max,0,0,0,0,0,0,0,0,0,761
repository,avg,0,0,0,0,0,0,0,0,0,3
repository,min,0,0,0,0,0,0,0,0,0,3
repository,max,0,0,0,0,0,0,0,0,0,3
m2mqtt,avg,0,0,0,0,0,0,0,0,0,2
m2mqtt,min,0,0,0,0,0,0,0,0,0,2
m2mqtt,max,0,0,0,0,0,0,0,0,0,2
base,avg,0,0,0,0,0,0,0,0,0,7
base,min,0,0,0,0,0,0,0,0,0,7
base,max,0,0,0,0,0,0,0,0,0,7
querylanguage,avg,0,0,0,0,0,0,0,0,0,209
querylanguage,min,0,0,0,0,0,0,0,0,0,209
querylanguage,max,0,0,0,0,0,0,0,0,0,209
modeling,avg,0,0,0,0,0,0,0,0,0,264
modeling,min,0,0,0,0,0,0,0,0,0,264
modeling,max,0,0,0,0,0,0,0,0,0,264
webdav,avg,0,0,0,0,0,0,0,0,0,205
webdav,min,0,0,0,0,0,0,0,0,0,205
webdav,max,0,0,0,0,0,0,0,0,0,205
refactoring,avg,0,0,0,0,0,0,0,0,0,159
refactoring,min,0,0,0,0,0,0,0,0,0,159
refactoring,max,0,0,0,0,0,0,0,0,0,159
repository,avg,0,0,0,0,0,0,0,0,0,11
repository,min,0,0,0,0,0,0,0,0,0,11
repository,max,0,0,0,0,0,0,0,0,0,11
codesearch,avg,0,0,0,0,0,0,0,0,0,20
codesearch,min,0,0,0,0,0,0,0,0,0,20
codesearch,max,0,0,0,0,0,0,0,0,0,20
axf,avg,0,0,0,0,0,0,0,0,0,8
axf,min,0,0,0,0,0,0,0,0,0,8
axf,max,0,0,0,0,0,0,0,0,0,8
adl,avg,0,0,0,0,0,0,0,0,0,4
adl,min,0,0,0,0,0,0,0,0,0,4
adl,max,0,0,0,0,0,0,0,0,0,4
launchers,avg,0,0,0,0,0,0,0,0,0,15
launchers,min,0,0,0,0,0,0,0,0,0,15
launchers,max,0,0,0,0,0,0,0,0,0,15
cgeneration,avg,0,0,0,0,0,0,0,0,0,14
cgeneration,min,0,0,0,0,0,0,0,0,0,14
cgeneration,max,0,0,0,0,0,0,0,0,0,14
connectivity,avg,0,0,0,0,0,0,0,0,0,64
connectivity,min,0,0,0,0,0,0,0,0,0,64
connectivity,max,0,0,0,0,0,0,0,0,0,64
teneo,avg,0,0,0,0,0,0,0,0,0,425
teneo,min,0,0,0,0,0,0,0,0,0,425
teneo,max,0,0,0,0,0,0,0,0,0,425
trac,avg,0,0,0,0,0,0,0,0,0,550
trac,min,0,0,0,0,0,0,0,0,0,550
trac,max,0,0,0,0,0,0,0,0,0,550
usert&gt;equinox&gt;p2),avg,0,0,0,0,0,0,0,0,0,4952
usert&gt;equinox&gt;p2),min,0,0,0,0,0,0,0,0,0,4952
usert&gt;equinox&gt;p2),max,0,0,0,0,0,0,0,0,0,4952
mqtt,avg,0,0,0,0,0,0,0,0,0,37
mqtt,min,0,0,0,0,0,0,0,0,0,37
mqtt,max,0,0,0,0,0,0,0,0,0,37
electron,avg,0,0,0,0,0,0,0,0,0,31
electron,min,0,0,0,0,0,0,0,0,0,31
electron,max,0,0,0,0,0,0,0,0,0,31
jgit,avg,0,0,0,0,0,0,0,0,0,1112
jgit,min,0,0,0,0,0,0,0,0,0,1112
jgit,max,0,0,0,0,0,0,0,0,0,1112
converters,avg,0,0,0,0,0,0,0,0,0,56
converters,min,0,0,0,0,0,0,0,0,0,56
converters,max,0,0,0,0,0,0,0,0,0,56
webpage,avg,0,0,0,0,0,0,0,0,0,7
webpage,min,0,0,0,0,0,0,0,0,0,7
webpage,max,0,0,0,0,0,0,0,0,0,7
gallery,avg,0,0,0,0,0,0,0,0,0,199
gallery,min,0,0,0,0,0,0,0,0,0,199
gallery,max,0,0,0,0,0,0,0,0,0,199
query2,avg,0,0,0,0,0,0,0,0,0,88
query2,min,0,0,0,0,0,0,0,0,0,88
query2,max,0,0,0,0,0,0,0,0,0,88
dashboard,avg,0,0,0,0,0,0,0,0,0,66
dashboard,min,0,0,0,0,0,0,0,0,0,66
dashboard,max,0,0,0,0,0,0,0,0,0,66
developerstatistics,avg,0,0,0,0,0,0,0,0,0,66
developerstatistics,min,0,0,0,0,0,0,0,0,0,66
developerstatistics,max,0,0,0,0,0,0,0,0,0,66
metalua,avg,0,0,0,0,0,0,0,0,0,25
metalua,min,0,0,0,0,0,0,0,0,0,25
metalua,max,0,0,0,0,0,0,0,0,0,25
eson,avg,0,0,0,0,0,0,0,0,0,26
eson,min,0,0,0,0,0,0,0,0,0,26
eson,max,0,0,0,0,0,0,0,0,0,26
buildsystem,avg,0,0,0,0,0,0,0,0,0,159
buildsystem,min,0,0,0,0,0,0,0,0,0,159
buildsystem,max,0,0,0,0,0,0,0,0,0,159
otj,avg,0,0,0,0,0,0,0,0,0,66
otj,min,0,0,0,0,0,0,0,0,0,66
otj,max,0,0,0,0,0,0,0,0,0,66
rc&amp;webdemonstrator,avg,0,0,0,0,0,0,0,0,0,2
rc&amp;webdemonstrator,min,0,0,0,0,0,0,0,0,0,2
rc&amp;webdemonstrator,max,0,0,0,0,0,0,0,0,0,2
ctree,avg,0,0,0,0,0,0,0,0,0,2
ctree,min,0,0,0,0,0,0,0,0,0,2
ctree,max,0,0,0,0,0,0,0,0,0,2
scandium,avg,0,0,0,0,0,0,0,0,0,15
scandium,min,0,0,0,0,0,0,0,0,0,15
scandium,max,0,0,0,0,0,0,0,0,0,15
samples,avg,0,0,0,0,0,0,0,0,0,43
samples,min,0,0,0,0,0,0,0,0,0,43
samples,max,0,0,0,0,0,0,0,0,0,43
examples,avg,0,0,0,0,0,0,0,0,0,178
examples,min,0,0,0,0,0,0,0,0,0,178
examples,max,0,0,0,0,0,0,0,0,0,178
filetransfer,avg,0,0,0,0,0,0,0,0,0,165
filetransfer,min,0,0,0,0,0,0,0,0,0,165
filetransfer,max,0,0,0,0,0,0,0,0,0,165
js,avg,0,0,0,0,0,0,0,0,0,13
js,min,0,0,0,0,0,0,0,0,0,13
js,max,0,0,0,0,0,0,0,0,0,13
radiogroup,avg,0,0,0,0,0,0,0,0,0,12
radiogroup,min,0,0,0,0,0,0,0,0,0,12
radiogroup,max,0,0,0,0,0,0,0,0,0,12
phpfunctionsview,avg,0,0,0,0,0,0,0,0,0,51
phpfunctionsview,min,0,0,0,0,0,0,0,0,0,51
phpfunctionsview,max,0,0,0,0,0,0,0,0,0,51
logging,avg,0,0,0,0,0,0,0,0,0,24
logging,min,0,0,0,0,0,0,0,0,0,24
logging,max,0,0,0,0,0,0,0,0,0,24
backchannel,avg,0,0,0,0,0,0,0,0,0,2
backchannel,min,0,0,0,0,0,0,0,0,0,2
backchannel,max,0,0,0,0,0,0,0,0,0,2
scoutsdk,avg,0,0,0,0,0,0,0,0,0,405
scoutsdk,min,0,0,0,0,0,0,0,0,0,405
scoutsdk,max,0,0,0,0,0,0,0,0,0,405
drivers,avg,0,0,0,0,0,0,0,0,0,9
drivers,min,0,0,0,0,0,0,0,0,0,9
drivers,max,0,0,0,0,0,0,0,0,0,9
californium,avg,0,0,0,0,0,0,0,0,0,58
californium,min,0,0,0,0,0,0,0,0,0,58
californium,max,0,0,0,0,0,0,0,0,0,58
ui,avg,0,0,0,0,0,0,0,0,0,181
ui,min,0,0,0,0,0,0,0,0,0,181
ui,max,0,0,0,0,0,0,0,0,0,181
tooling,avg,0,0,0,0,0,0,0,0,0,528
tooling,min,0,0,0,0,0,0,0,0,0,528
tooling,max,0,0,0,0,0,0,0,0,0,528
internal,avg,0,0,0,0,0,0,0,0,0,83
internal,min,0,0,0,0,0,0,0,0,0,83
internal,max,0,0,0,0,0,0,0,0,0,83
editorui,avg,0,0,0,0,0,0,0,0,0,191
editorui,min,0,0,0,0,0,0,0,0,0,191
editorui,max,0,0,0,0,0,0,0,0,0,191
xotcl,avg,0,0,0,0,0,0,0,0,0,14
xotcl,min,0,0,0,0,0,0,0,0,0,14
xotcl,max,0,0,0,0,0,0,0,0,0,14
bugzilla,avg,0,0,0,0,0,0,0,0,0,2538
bugzilla,min,0,0,0,0,0,0,0,0,0,2538
bugzilla,max,0,0,0,0,0,0,0,0,0,2538
reportviewer,avg,0,0,0,0,0,0,0,0,0,1310
reportviewer,min,0,0,0,0,0,0,0,0,0,1310
reportviewer,max,0,0,0,0,0,0,0,0,0,1310
jobmanagement,avg,0,0,0,0,0,0,0,0,0,5
jobmanagement,min,0,0,0,0,0,0,0,0,0,5
jobmanagement,max,0,0,0,0,0,0,0,0,0,5
foundation,avg,0,0,0,0,0,0,0,0,0,1462
foundation,min,0,0,0,0,0,0,0,0,0,1462
foundation,max,0,0,0,0,0,0,0,0,0,1462
poiextension,avg,0,0,0,0,0,0,0,0,0,11
poiextension,min,0,0,0,0,0,0,0,0,0,11
poiextension,max,0,0,0,0,0,0,0,0,0,11
tools,avg,0,0,0,0,0,0,0,0,0,2435
tools,min,0,0,0,0,0,0,0,0,0,2435
tools,max,0,0,0,0,0,0,0,0,0,2435
gem,avg,0,0,0,0,0,0,0,0,0,4
gem,min,0,0,0,0,0,0,0,0,0,4
gem,max,0,0,0,0,0,0,0,0,0,4
unknown,avg,0,0,0,0,0,0,0,0,0,742
unknown,min,0,0,0,0,0,0,0,0,0,742
unknown,max,0,0,0,0,0,0,0,0,0,742
pror,avg,0,0,0,0,0,0,0,0,0,356
pror,min,0,0,0,0,0,0,0,0,0,356
pror,max,0,0,0,0,0,0,0,0,0,356
web,avg,0,0,0,0,0,0,0,0,0,234
web,min,0,0,0,0,0,0,0,0,0,234
web,max,0,0,0,0,0,0,0,0,0,234
ridget,avg,0,0,0,0,0,0,0,0,0,169
ridget,min,0,0,0,0,0,0,0,0,0,169
ridget,max,0,0,0,0,0,0,0,0,0,169
qt,avg,0,0,0,0,0,0,0,0,0,12
qt,min,0,0,0,0,0,0,0,0,0,12
qt,max,0,0,0,0,0,0,0,0,0,12
bundlor,avg,0,0,0,0,0,0,0,0,0,17
bundlor,min,0,0,0,0,0,0,0,0,0,17
bundlor,max,0,0,0,0,0,0,0,0,0,17
editor,avg,0,0,0,0,0,0,0,0,0,3978
editor,min,0,0,0,0,0,0,0,0,0,3978
editor,max,0,0,0,0,0,0,0,0,0,3978
snaps,avg,0,0,0,0,0,0,0,0,0,21
snaps,min,0,0,0,0,0,0,0,0,0,21
snaps,max,0,0,0,0,0,0,0,0,0,21
modelmutator,avg,0,0,0,0,0,0,0,0,0,5
modelmutator,min,0,0,0,0,0,0,0,0,0,5
modelmutator,max,0,0,0,0,0,0,0,0,0,5
testsuite,avg,0,0,0,0,0,0,0,0,0,240
testsuite,min,0,0,0,0,0,0,0,0,0,240
testsuite,max,0,0,0,0,0,0,0,0,0,240
browserbasedmodeler,avg,0,0,0,0,0,0,0,0,0,81
browserbasedmodeler,min,0,0,0,0,0,0,0,0,0,81
browserbasedmodeler,max,0,0,0,0,0,0,0,0,0,81
demo&amp;examples,avg,0,0,0,0,0,0,0,0,0,20
demo&amp;examples,min,0,0,0,0,0,0,0,0,0,20
demo&amp;examples,max,0,0,0,0,0,0,0,0,0,20
managed,avg,0,0,0,0,0,0,0,0,0,334
managed,min,0,0,0,0,0,0,0,0,0,334
managed,max,0,0,0,0,0,0,0,0,0,334
builder,avg,0,0,0,0,0,0,0,0,0,1
builder,min,0,0,0,0,0,0,0,0,0,1
builder,max,0,0,0,0,0,0,0,0,0,1
transformation,avg,0,0,0,0,0,0,0,0,0,77
transformation,min,0,0,0,0,0,0,0,0,0,77
transformation,max,0,0,0,0,0,0,0,0,0,77
javartsjgeneration,avg,0,0,0,0,0,0,0,0,0,40
javartsjgeneration,min,0,0,0,0,0,0,0,0,0,40
javartsjgeneration,max,0,0,0,0,0,0,0,0,0,40
workspace,avg,0,0,0,0,0,0,0,0,0,15
workspace,min,0,0,0,0,0,0,0,0,0,15
workspace,max,0,0,0,0,0,0,0,0,0,15
help,avg,0,0,0,0,0,0,0,0,0,71
help,min,0,0,0,0,0,0,0,0,0,71
help,max,0,0,0,0,0,0,0,0,0,71
site,avg,0,0,0,0,0,0,0,0,0,20
site,min,0,0,0,0,0,0,0,0,0,20
site,max,0,0,0,0,0,0,0,0,0,20
xtext,avg,0,0,0,0,0,0,0,0,0,6682
xtext,min,0,0,0,0,0,0,0,0,0,6682
xtext,max,0,0,0,0,0,0,0,0,0,6682
grid,avg,0,0,0,0,0,0,0,0,0,309
grid,min,0,0,0,0,0,0,0,0,0,309
grid,max,0,0,0,0,0,0,0,0,0,309
snipmatch,avg,0,0,0,0,0,0,0,0,0,273
snipmatch,min,0,0,0,0,0,0,0,0,0,273
snipmatch,max,0,0,0,0,0,0,0,0,0,273
core,avg,0,0,0,0,0,0,0,0,0,2189
core,min,0,0,0,0,0,0,0,0,0,2189
core,max,0,0,0,0,0,0,0,0,0,2189
swt/jface,avg,0,0,0,0,0,0,0,0,0,3
swt/jface,min,0,0,0,0,0,0,0,0,0,3
swt/jface,max,0,0,0,0,0,0,0,0,0,3
phpmodeling,avg,0,0,0,0,0,0,0,0,0,123
phpmodeling,min,0,0,0,0,0,0,0,0,0,123
phpmodeling,max,0,0,0,0,0,0,0,0,0,123
plugins,avg,0,0,0,0,0,0,0,0,0,24
plugins,min,0,0,0,0,0,0,0,0,0,24
plugins,max,0,0,0,0,0,0,0,0,0,24
data,avg,0,0,0,0,0,0,0,0,0,1184
data,min,0,0,0,0,0,0,0,0,0,1184
data,max,0,0,0,0,0,0,0,0,0,1184
maven3,avg,0,0,0,0,0,0,0,0,0,16
maven3,min,0,0,0,0,0,0,0,0,0,16
maven3,max,0,0,0,0,0,0,0,0,0,16
wiki,avg,0,0,0,0,0,0,0,0,0,24
wiki,min,0,0,0,0,0,0,0,0,0,24
wiki,max,0,0,0,0,0,0,0,0,0,24
spdy,avg,0,0,0,0,0,0,0,0,0,57
spdy,min,0,0,0,0,0,0,0,0,0,57
spdy,max,0,0,0,0,0,0,0,0,0,57
maven2,avg,0,0,0,0,0,0,0,0,0,4
maven2,min,0,0,0,0,0,0,0,0,0,4
maven2,max,0,0,0,0,0,0,0,0,0,4
emfforms,avg,0,0,0,0,0,0,0,0,0,1985
emfforms,min,0,0,0,0,0,0,0,0,0,1985
emfforms,max,0,0,0,0,0,0,0,0,0,1985
ecl,avg,0,0,0,0,0,0,0,0,0,19
ecl,min,0,0,0,0,0,0,0,0,0,19
ecl,max,0,0,0,0,0,0,0,0,0,19
rdbms,avg,0,0,0,0,0,0,0,0,0,2
rdbms,min,0,0,0,0,0,0,0,0,0,2
rdbms,max,0,0,0,0,0,0,0,0,0,2
codefolding,avg,0,0,0,0,0,0,0,0,0,237
codefolding,min,0,0,0,0,0,0,0,0,0,237
codefolding,max,0,0,0,0,0,0,0,0,0,237
richtext,avg,0,0,0,0,0,0,0,0,0,31
richtext,min,0,0,0,0,0,0,0,0,0,31
richtext,max,0,0,0,0,0,0,0,0,0,31
simdebug,avg,0,0,0,0,0,0,0,0,0,35
simdebug,min,0,0,0,0,0,0,0,0,0,35
simdebug,max,0,0,0,0,0,0,0,0,0,35
objecttransaction,avg,0,0,0,0,0,0,0,0,0,21
objecttransaction,min,0,0,0,0,0,0,0,0,0,21
objecttransaction,max,0,0,0,0,0,0,0,0,0,21
jira,avg,0,0,0,0,0,0,0,0,0,938
jira,min,0,0,0,0,0,0,0,0,0,938
jira,max,0,0,0,0,0,0,0,0,0,938
sysml,avg,0,0,0,0,0,0,0,0,0,455
sysml,min,0,0,0,0,0,0,0,0,0,455
sysml,max,0,0,0,0,0,0,0,0,0,455
development,avg,0,0,0,0,0,0,0,0,0,9
development,min,0,0,0,0,0,0,0,0,0,9
development,max,0,0,0,0,0,0,0,0,0,9
marketplace,avg,0,0,0,0,0,0,0,0,0,2
marketplace,min,0,0,0,0,0,0,0,0,0,2
marketplace,max,0,0,0,0,0,0,0,0,0,2
smells,avg,0,0,0,0,0,0,0,0,0,1
smells,min,0,0,0,0,0,0,0,0,0,1
smells,max,0,0,0,0,0,0,0,0,0,1
maven,avg,0,0,0,0,0,0,0,0,0,169
maven,min,0,0,0,0,0,0,0,0,0,169
maven,max,0,0,0,0,0,0,0,0,0,169
vpm(archive),avg,0,0,0,0,0,0,0,0,0,82
vpm(archive),min,0,0,0,0,0,0,0,0,0,82
vpm(archive),max,0,0,0,0,0,0,0,0,0,82
tree,avg,0,0,0,0,0,0,0,0,0,37
tree,min,0,0,0,0,0,0,0,0,0,37
tree,max,0,0,0,0,0,0,0,0,0,37
runtime,avg,0,0,0,0,0,0,0,0,0,5698
runtime,min,0,0,0,0,0,0,0,0,0,5698
runtime,max,0,0,0,0,0,0,0,0,0,5698
build,avg,0,0,0,0,0,0,0,0,0,103
build,min,0,0,0,0,0,0,0,0,0,103
build,max,0,0,0,0,0,0,0,0,0,103
servicemodel,avg,0,0,0,0,0,0,0,0,0,14
servicemodel,min,0,0,0,0,0,0,0,0,0,14
servicemodel,max,0,0,0,0,0,0,0,0,0,14
core,avg,0,0,0,0,0,0,0,0,0,59521
core,min,0,0,0,0,0,0,0,0,0,59521
core,max,0,0,0,0,0,0,0,0,0,59521
targlets,avg,0,0,0,0,0,0,0,0,0,94
targlets,min,0,0,0,0,0,0,0,0,0,94
targlets,max,0,0,0,0,0,0,0,0,0,94
backlog,avg,0,0,0,0,0,0,0,0,0,236
backlog,min,0,0,0,0,0,0,0,0,0,236
backlog,max,0,0,0,0,0,0,0,0,0,236
xviewer,avg,0,0,0,0,0,0,0,0,0,80
xviewer,min,0,0,0,0,0,0,0,0,0,80
xviewer,max,0,0,0,0,0,0,0,0,0,80
accservice,avg,0,0,0,0,0,0,0,0,0,599
accservice,min,0,0,0,0,0,0,0,0,0,599
accservice,max,0,0,0,0,0,0,0,0,0,599
pldt,avg,0,0,0,0,0,0,0,0,0,57
pldt,min,0,0,0,0,0,0,0,0,0,57
pldt,max,0,0,0,0,0,0,0,0,0,57
launcher,avg,0,0,0,0,0,0,0,0,0,212
launcher,min,0,0,0,0,0,0,0,0,0,212
launcher,max,0,0,0,0,0,0,0,0,0,212
geffx,avg,0,0,0,0,0,0,0,0,0,94
geffx,min,0,0,0,0,0,0,0,0,0,94
geffx,max,0,0,0,0,0,0,0,0,0,94
toolset,avg,0,0,0,0,0,0,0,0,0,79
toolset,min,0,0,0,0,0,0,0,0,0,79
toolset,max,0,0,0,0,0,0,0,0,0,79
jface,avg,0,0,0,0,0,0,0,0,0,333
jface,min,0,0,0,0,0,0,0,0,0,333
jface,max,0,0,0,0,0,0,0,0,0,333
handbook,avg,0,0,0,0,0,0,0,0,0,13
handbook,min,0,0,0,0,0,0,0,0,0,13
handbook,max,0,0,0,0,0,0,0,0,0,13
debugui,avg,0,0,0,0,0,0,0,0,0,104
debugui,min,0,0,0,0,0,0,0,0,0,104
debugui,max,0,0,0,0,0,0,0,0,0,104
gig,avg,0,0,0,0,0,0,0,0,0,5
gig,min,0,0,0,0,0,0,0,0,0,5
gig,max,0,0,0,0,0,0,0,0,0,5
javareverser,avg,0,0,0,0,0,0,0,0,0,3
javareverser,min,0,0,0,0,0,0,0,0,0,3
javareverser,max,0,0,0,0,0,0,0,0,0,3
diagrams,avg,0,0,0,0,0,0,0,0,0,348
diagrams,min,0,0,0,0,0,0,0,0,0,348
diagrams,max,0,0,0,0,0,0,0,0,0,348
vortorepository,avg,0,0,0,0,0,0,0,0,0,32
vortorepository,min,0,0,0,0,0,0,0,0,0,32
vortorepository,max,0,0,0,0,0,0,0,0,0,32
draw3d,avg,0,0,0,0,0,0,0,0,0,68
draw3d,min,0,0,0,0,0,0,0,0,0,68
draw3d,max,0,0,0,0,0,0,0,0,0,68
plexus,avg,0,0,0,0,0,0,0,0,0,31
plexus,min,0,0,0,0,0,0,0,0,0,31
plexus,max,0,0,0,0,0,0,0,0,0,31
jeteditor,avg,0,0,0,0,0,0,0,0,0,23
jeteditor,min,0,0,0,0,0,0,0,0,0,23
jeteditor,max,0,0,0,0,0,0,0,0,0,23
c,avg,0,0,0,0,0,0,0,0,0,0
c,min,0,0,0,0,0,0,0,0,0,0
c,max,0,0,0,0,0,0,0,0,0,0
platform,avg,0,0,0,0,0,0,0,0,0,245
platform,min,0,0,0,0,0,0,0,0,0,245
platform,max,0,0,0,0,0,0,0,0,0,245
general,avg,0,0,0,0,0,0,0,0,0,5515
general,min,0,0,0,0,0,0,0,0,0,5515
general,max,0,0,0,0,0,0,0,0,0,5515
security,avg,0,0,0,0,0,0,0,0,0,279
security,min,0,0,0,0,0,0,0,0,0,279
security,max,0,0,0,0,0,0,0,0,0,279
git,avg,0,0,0,0,0,0,0,0,0,867
git,min,0,0,0,0,0,0,0,0,0,867
git,max,0,0,0,0,0,0,0,0,0,867
camelintegration,avg,0,0,0,0,0,0,0,0,0,5
camelintegration,min,0,0,0,0,0,0,0,0,0,5
camelintegration,max,0,0,0,0,0,0,0,0,0,5
incubator,avg,0,0,0,0,0,0,0,0,0,1970
incubator,min,0,0,0,0,0,0,0,0,0,1970
incubator,max,0,0,0,0,0,0,0,0,0,1970
paginationcontrol,avg,0,0,0,0,0,0,0,0,0,2
paginationcontrol,min,0,0,0,0,0,0,0,0,0,2
paginationcontrol,max,0,0,0,0,0,0,0,0,0,2
rhino,avg,0,0,0,0,0,0,0,0,0,4
rhino,min,0,0,0,0,0,0,0,0,0,4
rhino,max,0,0,0,0,0,0,0,0,0,4
debug,avg,0,0,0,0,0,0,0,0,0,90
debug,min,0,0,0,0,0,0,0,0,0,90
debug,max,0,0,0,0,0,0,0,0,0,90
jpa,avg,0,0,0,0,0,0,0,0,0,3976
jpa,min,0,0,0,0,0,0,0,0,0,3976
jpa,max,0,0,0,0,0,0,0,0,0,3976
dynamicworkingsets,avg,0,0,0,0,0,0,0,0,0,42
dynamicworkingsets,min,0,0,0,0,0,0,0,0,0,42
dynamicworkingsets,max,0,0,0,0,0,0,0,0,0,42
android,avg,0,0,0,0,0,0,0,0,0,56
android,min,0,0,0,0,0,0,0,0,0,56
android,max,0,0,0,0,0,0,0,0,0,56
website/wiki,avg,0,0,0,0,0,0,0,0,0,34
website/wiki,min,0,0,0,0,0,0,0,0,0,34
website/wiki,max,0,0,0,0,0,0,0,0,0,34
tcl,avg,0,0,0,0,0,0,0,0,0,93
tcl,min,0,0,0,0,0,0,0,0,0,93
tcl,max,0,0,0,0,0,0,0,0,0,93
scripts,avg,0,0,0,0,0,0,0,0,0,44
scripts,min,0,0,0,0,0,0,0,0,0,44
scripts,max,0,0,0,0,0,0,0,0,0,44
editors,avg,0,0,0,0,0,0,0,0,0,243
editors,min,0,0,0,0,0,0,0,0,0,243
editors,max,0,0,0,0,0,0,0,0,0,243
core,avg,0,0,0,0,0,0,0,0,0,651
core,min,0,0,0,0,0,0,0,0,0,651
core,max,0,0,0,0,0,0,0,0,0,651
englishstrings,avg,0,0,0,0,0,0,0,0,0,38
englishstrings,min,0,0,0,0,0,0,0,0,0,38
englishstrings,max,0,0,0,0,0,0,0,0,0,38
debug,avg,0,0,0,0,0,0,0,0,0,17338
debug,min,0,0,0,0,0,0,0,0,0,17338
debug,max,0,0,0,0,0,0,0,0,0,17338
package,avg,0,0,0,0,0,0,0,0,0,134
package,min,0,0,0,0,0,0,0,0,0,134
package,max,0,0,0,0,0,0,0,0,0,134
editor,avg,0,0,0,0,0,0,0,0,0,710
editor,min,0,0,0,0,0,0,0,0,0,710
editor,max,0,0,0,0,0,0,0,0,0,710
indexer,avg,0,0,0,0,0,0,0,0,0,693
indexer,min,0,0,0,0,0,0,0,0,0,693
indexer,max,0,0,0,0,0,0,0,0,0,693
resources,avg,0,0,0,0,0,0,0,0,0,6097
resources,min,0,0,0,0,0,0,0,0,0,6097
resources,max,0,0,0,0,0,0,0,0,0,6097
designer,avg,0,0,0,0,0,0,0,0,0,264
designer,min,0,0,0,0,0,0,0,0,0,264
designer,max,0,0,0,0,0,0,0,0,0,264
statesystem,avg,0,0,0,0,0,0,0,0,0,8
statesystem,min,0,0,0,0,0,0,0,0,0,8
statesystem,max,0,0,0,0,0,0,0,0,0,8
0,avg,0,0,0,0,0,0,0,0,0,48
0,min,0,0,0,0,0,0,0,0,0,48
0,max,0,0,0,0,0,0,0,0,0,48
dawn,avg,0,0,0,0,0,0,0,0,0,35
dawn,min,0,0,0,0,0,0,0,0,0,35
dawn,max,0,0,0,0,0,0,0,0,0,35
dbws,avg,0,0,0,0,0,0,0,0,0,276
dbws,min,0,0,0,0,0,0,0,0,0,276
dbws,max,0,0,0,0,0,0,0,0,0,276
build,avg,0,0,0,0,0,0,0,0,0,4179
build,min,0,0,0,0,0,0,0,0,0,4179
build,max,0,0,0,0,0,0,0,0,0,4179
mwe,avg,0,0,0,0,0,0,0,0,0,189
mwe,min,0,0,0,0,0,0,0,0,0,189
mwe,max,0,0,0,0,0,0,0,0,0,189
user,avg,0,0,0,0,0,0,0,0,0,14
user,min,0,0,0,0,0,0,0,0,0,14
user,max,0,0,0,0,0,0,0,0,0,14
providers,avg,0,0,0,0,0,0,0,0,0,128
providers,min,0,0,0,0,0,0,0,0,0,128
providers,max,0,0,0,0,0,0,0,0,0,128
